-- phpMyAdmin SQL Dump
-- version 5.2.1
-- https://www.phpmyadmin.net/
--
-- Servidor: 127.0.0.1
-- Tiempo de generación: 16-03-2024 a las 18:38:05
-- Versión del servidor: 10.4.28-MariaDB
-- Versión de PHP: 8.0.28

SET SQL_MODE = "NO_AUTO_VALUE_ON_ZERO";
START TRANSACTION;
SET time_zone = "+00:00";


/*!40101 SET @OLD_CHARACTER_SET_CLIENT=@@CHARACTER_SET_CLIENT */;
/*!40101 SET @OLD_CHARACTER_SET_RESULTS=@@CHARACTER_SET_RESULTS */;
/*!40101 SET @OLD_COLLATION_CONNECTION=@@COLLATION_CONNECTION */;
/*!40101 SET NAMES utf8mb4 */;

--
-- Base de datos: `sotavento`
--

-- --------------------------------------------------------

--
-- Estructura de tabla para la tabla `alumnos`
--

CREATE TABLE `alumnos` (
  `alumno_id` int(11) NOT NULL,
  `nombre` varchar(50) DEFAULT NULL,
  `primer_apellido` varchar(50) DEFAULT NULL,
  `segundo_apellido` varchar(50) DEFAULT NULL,
  `matricula` varchar(20) DEFAULT NULL,
  `curp` varchar(20) DEFAULT NULL,
  `fecha_nacimiento` date DEFAULT NULL,
  `sexo` char(4) DEFAULT NULL,
  `Fecha_alta` timestamp NOT NULL DEFAULT current_timestamp() ON UPDATE current_timestamp(),
  `actualización` varchar(255) CHARACTER SET armscii8 COLLATE armscii8_general_ci DEFAULT NULL
) ENGINE=InnoDB DEFAULT CHARSET=utf8mb4 COLLATE=utf8mb4_general_ci;

--
-- Volcado de datos para la tabla `alumnos`
--

INSERT INTO `alumnos` (`alumno_id`, `nombre`, `primer_apellido`, `segundo_apellido`, `matricula`, `curp`, `fecha_nacimiento`, `sexo`, `Fecha_alta`, `actualización`) VALUES
(1, 'Omar ', 'Rivas', 'Perez', '21009758', 'RIPO020203HVZVRMA0', '2002-02-03', 'M', '2024-03-16 17:18:11', NULL),
(2, 'Carlos Alberto', 'Molina', 'Canseco', '121305866', 'MOCG010922HVEMLR00', '2001-09-22', 'X', '2024-03-16 17:18:11', NULL),
(3, 'Miguel Angel', 'Garduza', 'Aburto', '21009759', 'GAAM001128HVERGB00', '2000-11-28', 'M', '2024-03-16 17:18:11', NULL),
(4, 'Leonel', 'Leon', 'Flores', '21009760', 'LELL020123XOCOONN00', '2002-01-23', 'M', '2024-03-16 17:18:11', NULL),
(5, 'Jesus Aaron', 'Ramirez', 'Villegas', '21009731', 'RAVJ020715HGRMLS00', '2002-07-15', 'M', '2024-03-16 17:18:11', NULL),
(6, 'Gerson Jael ', 'Sahagun', 'Camacho', '21009761', 'CASA020825HVEMRH00', '2002-08-25', 'M', '2024-03-16 17:18:11', NULL);

-- --------------------------------------------------------

--
-- Estructura de tabla para la tabla `asistencia`
--

CREATE TABLE `asistencia` (
  `id` int(11) NOT NULL,
  `asistencia` varchar(50) DEFAULT NULL,
  `alumno_id` int(11) NOT NULL,
  `materia_id` int(10) NOT NULL,
  `usuario_alta` varchar(15) NOT NULL,
  `usuario_actualizacion` varchar(15) DEFAULT NULL,
  `fecha_alta` date NOT NULL,
  `fecha_actualizacion` date DEFAULT NULL
) ENGINE=InnoDB DEFAULT CHARSET=utf8mb4 COLLATE=utf8mb4_general_ci;

--
-- Volcado de datos para la tabla `asistencia`
--

INSERT INTO `asistencia` (`id`, `asistencia`, `alumno_id`, `materia_id`, `usuario_alta`, `usuario_actualizacion`, `fecha_alta`, `fecha_actualizacion`) VALUES
(276, NULL, 1, 4, 'ADMIN', NULL, '2024-01-23', NULL),
(277, NULL, 1, 4, 'ADMIN', NULL, '2024-01-26', NULL),
(278, NULL, 1, 4, 'ADMIN', NULL, '2024-01-30', NULL),
(279, NULL, 1, 4, 'ADMIN', NULL, '2024-02-06', NULL),
(280, NULL, 1, 4, 'ADMIN', NULL, '2024-02-09', NULL),
(281, NULL, 1, 4, 'ADMIN', NULL, '2024-02-13', NULL),
(282, NULL, 1, 4, 'ADMIN', NULL, '2024-02-16', NULL),
(283, NULL, 1, 4, 'ADMIN', NULL, '2024-02-20', NULL),
(284, NULL, 1, 4, 'ADMIN', NULL, '2024-02-23', NULL),
(285, NULL, 1, 4, 'ADMIN', NULL, '2024-02-27', NULL),
(286, NULL, 1, 4, 'ADMIN', NULL, '2024-03-01', NULL),
(287, NULL, 1, 4, 'ADMIN', NULL, '2024-03-05', NULL),
(288, NULL, 1, 4, 'ADMIN', NULL, '2024-03-08', NULL),
(289, NULL, 1, 4, 'ADMIN', NULL, '2024-03-12', NULL),
(290, NULL, 1, 4, 'ADMIN', NULL, '2024-03-15', NULL),
(291, NULL, 1, 4, 'ADMIN', NULL, '2024-03-19', NULL),
(292, NULL, 1, 4, 'ADMIN', NULL, '2024-03-22', NULL),
(293, NULL, 1, 4, 'ADMIN', NULL, '2024-03-26', NULL),
(294, NULL, 1, 4, 'ADMIN', NULL, '2024-03-29', NULL),
(295, NULL, 1, 4, 'ADMIN', NULL, '2024-04-02', NULL),
(296, NULL, 1, 4, 'ADMIN', NULL, '2024-04-05', NULL),
(297, NULL, 1, 4, 'ADMIN', NULL, '2024-04-09', NULL),
(298, NULL, 1, 4, 'ADMIN', NULL, '2024-04-12', NULL),
(299, NULL, 1, 4, 'ADMIN', NULL, '2024-04-16', NULL),
(300, NULL, 1, 4, 'ADMIN', NULL, '2024-04-19', NULL),
(301, NULL, 1, 4, 'ADMIN', NULL, '2024-04-23', NULL),
(302, NULL, 1, 4, 'ADMIN', NULL, '2024-04-26', NULL),
(303, NULL, 1, 4, 'ADMIN', NULL, '2024-04-30', NULL),
(304, NULL, 1, 4, 'ADMIN', NULL, '2024-05-03', NULL),
(305, NULL, 1, 4, 'ADMIN', NULL, '2024-05-07', NULL),
(306, NULL, 1, 4, 'ADMIN', NULL, '2024-05-10', NULL),
(307, NULL, 1, 4, 'ADMIN', NULL, '2024-05-14', NULL),
(308, NULL, 1, 4, 'ADMIN', NULL, '2024-05-17', NULL),
(309, NULL, 1, 4, 'ADMIN', NULL, '2024-05-21', NULL),
(310, NULL, 3, 4, 'ADMIN', NULL, '2024-01-23', NULL),
(311, NULL, 3, 4, 'ADMIN', NULL, '2024-01-26', NULL),
(312, NULL, 3, 4, 'ADMIN', NULL, '2024-01-30', NULL),
(313, NULL, 3, 4, 'ADMIN', NULL, '2024-02-06', NULL),
(314, NULL, 3, 4, 'ADMIN', NULL, '2024-02-09', NULL),
(315, NULL, 3, 4, 'ADMIN', NULL, '2024-02-13', NULL),
(316, NULL, 3, 4, 'ADMIN', NULL, '2024-02-16', NULL),
(317, NULL, 3, 4, 'ADMIN', NULL, '2024-02-20', NULL),
(318, NULL, 3, 4, 'ADMIN', NULL, '2024-02-23', NULL),
(319, NULL, 3, 4, 'ADMIN', NULL, '2024-02-27', NULL),
(320, NULL, 3, 4, 'ADMIN', NULL, '2024-03-01', NULL),
(321, NULL, 3, 4, 'ADMIN', NULL, '2024-03-05', NULL),
(322, NULL, 3, 4, 'ADMIN', NULL, '2024-03-08', NULL),
(323, NULL, 3, 4, 'ADMIN', NULL, '2024-03-12', NULL),
(324, NULL, 3, 4, 'ADMIN', NULL, '2024-03-15', NULL),
(325, NULL, 3, 4, 'ADMIN', NULL, '2024-03-19', NULL),
(326, NULL, 3, 4, 'ADMIN', NULL, '2024-03-22', NULL),
(327, NULL, 3, 4, 'ADMIN', NULL, '2024-03-26', NULL),
(328, NULL, 3, 4, 'ADMIN', NULL, '2024-03-29', NULL),
(329, NULL, 3, 4, 'ADMIN', NULL, '2024-04-02', NULL),
(330, NULL, 3, 4, 'ADMIN', NULL, '2024-04-05', NULL),
(331, NULL, 3, 4, 'ADMIN', NULL, '2024-04-09', NULL),
(332, NULL, 3, 4, 'ADMIN', NULL, '2024-04-12', NULL),
(333, NULL, 3, 4, 'ADMIN', NULL, '2024-04-16', NULL),
(334, NULL, 3, 4, 'ADMIN', NULL, '2024-04-19', NULL),
(335, NULL, 3, 4, 'ADMIN', NULL, '2024-04-23', NULL),
(336, NULL, 3, 4, 'ADMIN', NULL, '2024-04-26', NULL),
(337, NULL, 3, 4, 'ADMIN', NULL, '2024-04-30', NULL),
(338, NULL, 3, 4, 'ADMIN', NULL, '2024-05-03', NULL),
(339, NULL, 3, 4, 'ADMIN', NULL, '2024-05-07', NULL),
(340, NULL, 3, 4, 'ADMIN', NULL, '2024-05-10', NULL),
(341, NULL, 3, 4, 'ADMIN', NULL, '2024-05-14', NULL),
(342, NULL, 3, 4, 'ADMIN', NULL, '2024-05-17', NULL),
(343, NULL, 3, 4, 'ADMIN', NULL, '2024-05-21', NULL),
(344, NULL, 4, 4, 'ADMIN', NULL, '2024-01-23', NULL),
(345, NULL, 4, 4, 'ADMIN', NULL, '2024-01-26', NULL),
(346, NULL, 4, 4, 'ADMIN', NULL, '2024-01-30', NULL),
(347, NULL, 4, 4, 'ADMIN', NULL, '2024-02-06', NULL),
(348, NULL, 4, 4, 'ADMIN', NULL, '2024-02-09', NULL),
(349, NULL, 4, 4, 'ADMIN', NULL, '2024-02-13', NULL),
(350, NULL, 4, 4, 'ADMIN', NULL, '2024-02-16', NULL),
(351, NULL, 4, 4, 'ADMIN', NULL, '2024-02-20', NULL),
(352, NULL, 4, 4, 'ADMIN', NULL, '2024-02-23', NULL),
(353, NULL, 4, 4, 'ADMIN', NULL, '2024-02-27', NULL),
(354, NULL, 4, 4, 'ADMIN', NULL, '2024-03-01', NULL),
(355, NULL, 4, 4, 'ADMIN', NULL, '2024-03-05', NULL),
(356, NULL, 4, 4, 'ADMIN', NULL, '2024-03-08', NULL),
(357, NULL, 4, 4, 'ADMIN', NULL, '2024-03-12', NULL),
(358, NULL, 4, 4, 'ADMIN', NULL, '2024-03-15', NULL),
(359, NULL, 4, 4, 'ADMIN', NULL, '2024-03-19', NULL),
(360, NULL, 4, 4, 'ADMIN', NULL, '2024-03-22', NULL),
(361, NULL, 4, 4, 'ADMIN', NULL, '2024-03-26', NULL),
(362, NULL, 4, 4, 'ADMIN', NULL, '2024-03-29', NULL),
(363, NULL, 4, 4, 'ADMIN', NULL, '2024-04-02', NULL),
(364, NULL, 4, 4, 'ADMIN', NULL, '2024-04-05', NULL),
(365, NULL, 4, 4, 'ADMIN', NULL, '2024-04-09', NULL),
(366, NULL, 4, 4, 'ADMIN', NULL, '2024-04-12', NULL),
(367, NULL, 4, 4, 'ADMIN', NULL, '2024-04-16', NULL),
(368, NULL, 4, 4, 'ADMIN', NULL, '2024-04-19', NULL),
(369, NULL, 4, 4, 'ADMIN', NULL, '2024-04-23', NULL),
(370, NULL, 4, 4, 'ADMIN', NULL, '2024-04-26', NULL),
(371, NULL, 4, 4, 'ADMIN', NULL, '2024-04-30', NULL),
(372, NULL, 4, 4, 'ADMIN', NULL, '2024-05-03', NULL),
(373, NULL, 4, 4, 'ADMIN', NULL, '2024-05-07', NULL),
(374, NULL, 4, 4, 'ADMIN', NULL, '2024-05-10', NULL),
(375, NULL, 4, 4, 'ADMIN', NULL, '2024-05-14', NULL),
(376, NULL, 4, 4, 'ADMIN', NULL, '2024-05-17', NULL),
(377, NULL, 4, 4, 'ADMIN', NULL, '2024-05-21', NULL),
(378, NULL, 5, 4, 'ADMIN', NULL, '2024-01-23', NULL),
(379, NULL, 5, 4, 'ADMIN', NULL, '2024-01-26', NULL),
(380, NULL, 5, 4, 'ADMIN', NULL, '2024-01-30', NULL),
(381, NULL, 5, 4, 'ADMIN', NULL, '2024-02-06', NULL),
(382, NULL, 5, 4, 'ADMIN', NULL, '2024-02-09', NULL),
(383, NULL, 5, 4, 'ADMIN', NULL, '2024-02-13', NULL),
(384, NULL, 5, 4, 'ADMIN', NULL, '2024-02-16', NULL),
(385, NULL, 5, 4, 'ADMIN', NULL, '2024-02-20', NULL),
(386, NULL, 5, 4, 'ADMIN', NULL, '2024-02-23', NULL),
(387, NULL, 5, 4, 'ADMIN', NULL, '2024-02-27', NULL),
(388, NULL, 5, 4, 'ADMIN', NULL, '2024-03-01', NULL),
(389, NULL, 5, 4, 'ADMIN', NULL, '2024-03-05', NULL),
(390, NULL, 5, 4, 'ADMIN', NULL, '2024-03-08', NULL),
(391, NULL, 5, 4, 'ADMIN', NULL, '2024-03-12', NULL),
(392, NULL, 5, 4, 'ADMIN', NULL, '2024-03-15', NULL),
(393, NULL, 5, 4, 'ADMIN', NULL, '2024-03-19', NULL),
(394, NULL, 5, 4, 'ADMIN', NULL, '2024-03-22', NULL),
(395, NULL, 5, 4, 'ADMIN', NULL, '2024-03-26', NULL),
(396, NULL, 5, 4, 'ADMIN', NULL, '2024-03-29', NULL),
(397, NULL, 5, 4, 'ADMIN', NULL, '2024-04-02', NULL),
(398, NULL, 5, 4, 'ADMIN', NULL, '2024-04-05', NULL),
(399, NULL, 5, 4, 'ADMIN', NULL, '2024-04-09', NULL),
(400, NULL, 5, 4, 'ADMIN', NULL, '2024-04-12', NULL),
(401, NULL, 5, 4, 'ADMIN', NULL, '2024-04-16', NULL),
(402, NULL, 5, 4, 'ADMIN', NULL, '2024-04-19', NULL),
(403, NULL, 5, 4, 'ADMIN', NULL, '2024-04-23', NULL),
(404, NULL, 5, 4, 'ADMIN', NULL, '2024-04-26', NULL),
(405, NULL, 5, 4, 'ADMIN', NULL, '2024-04-30', NULL),
(406, NULL, 5, 4, 'ADMIN', NULL, '2024-05-03', NULL),
(407, NULL, 5, 4, 'ADMIN', NULL, '2024-05-07', NULL),
(408, NULL, 5, 4, 'ADMIN', NULL, '2024-05-10', NULL),
(409, NULL, 5, 4, 'ADMIN', NULL, '2024-05-14', NULL),
(410, NULL, 5, 4, 'ADMIN', NULL, '2024-05-17', NULL),
(411, NULL, 5, 4, 'ADMIN', NULL, '2024-05-21', NULL),
(446, NULL, 6, 4, 'ADMIN', NULL, '2024-01-23', NULL),
(447, NULL, 6, 4, 'ADMIN', NULL, '2024-01-26', NULL),
(448, NULL, 6, 4, 'ADMIN', NULL, '2024-01-30', NULL),
(449, NULL, 6, 4, 'ADMIN', NULL, '2024-02-06', NULL),
(450, NULL, 6, 4, 'ADMIN', NULL, '2024-02-09', NULL),
(451, NULL, 6, 4, 'ADMIN', NULL, '2024-02-13', NULL),
(452, NULL, 6, 4, 'ADMIN', NULL, '2024-02-16', NULL),
(453, NULL, 6, 4, 'ADMIN', NULL, '2024-02-20', NULL),
(454, NULL, 6, 4, 'ADMIN', NULL, '2024-02-23', NULL),
(455, NULL, 6, 4, 'ADMIN', NULL, '2024-02-27', NULL),
(456, NULL, 6, 4, 'ADMIN', NULL, '2024-03-01', NULL),
(457, NULL, 6, 4, 'ADMIN', NULL, '2024-03-05', NULL),
(458, NULL, 6, 4, 'ADMIN', NULL, '2024-03-08', NULL),
(459, NULL, 6, 4, 'ADMIN', NULL, '2024-03-12', NULL),
(460, NULL, 6, 4, 'ADMIN', NULL, '2024-03-15', NULL),
(461, NULL, 6, 4, 'ADMIN', NULL, '2024-03-19', NULL),
(462, NULL, 6, 4, 'ADMIN', NULL, '2024-03-22', NULL),
(463, NULL, 6, 4, 'ADMIN', NULL, '2024-03-26', NULL),
(464, NULL, 6, 4, 'ADMIN', NULL, '2024-03-29', NULL),
(465, NULL, 6, 4, 'ADMIN', NULL, '2024-04-02', NULL),
(466, NULL, 6, 4, 'ADMIN', NULL, '2024-04-05', NULL),
(467, NULL, 6, 4, 'ADMIN', NULL, '2024-04-09', NULL),
(468, NULL, 6, 4, 'ADMIN', NULL, '2024-04-12', NULL),
(469, NULL, 6, 4, 'ADMIN', NULL, '2024-04-16', NULL),
(470, NULL, 6, 4, 'ADMIN', NULL, '2024-04-19', NULL),
(471, NULL, 6, 4, 'ADMIN', NULL, '2024-04-23', NULL),
(472, NULL, 6, 4, 'ADMIN', NULL, '2024-04-26', NULL),
(473, NULL, 6, 4, 'ADMIN', NULL, '2024-04-30', NULL),
(474, NULL, 6, 4, 'ADMIN', NULL, '2024-05-03', NULL),
(475, NULL, 6, 4, 'ADMIN', NULL, '2024-05-07', NULL),
(476, NULL, 6, 4, 'ADMIN', NULL, '2024-05-10', NULL),
(477, NULL, 6, 4, 'ADMIN', NULL, '2024-05-14', NULL),
(478, NULL, 6, 4, 'ADMIN', NULL, '2024-05-17', NULL),
(479, NULL, 6, 4, 'ADMIN', NULL, '2024-05-21', NULL),
(480, NULL, 2, 4, 'ADMIN', NULL, '2024-01-23', NULL),
(481, NULL, 2, 4, 'ADMIN', NULL, '2024-01-26', NULL),
(482, NULL, 2, 4, 'ADMIN', NULL, '2024-01-30', NULL),
(483, NULL, 2, 4, 'ADMIN', NULL, '2024-02-06', NULL),
(484, NULL, 2, 4, 'ADMIN', NULL, '2024-02-09', NULL),
(485, NULL, 2, 4, 'ADMIN', NULL, '2024-02-13', NULL),
(486, NULL, 2, 4, 'ADMIN', NULL, '2024-02-16', NULL),
(487, NULL, 2, 4, 'ADMIN', NULL, '2024-02-20', NULL),
(488, NULL, 2, 4, 'ADMIN', NULL, '2024-02-23', NULL),
(489, NULL, 2, 4, 'ADMIN', NULL, '2024-02-27', NULL),
(490, NULL, 2, 4, 'ADMIN', NULL, '2024-03-01', NULL),
(491, NULL, 2, 4, 'ADMIN', NULL, '2024-03-05', NULL),
(492, NULL, 2, 4, 'ADMIN', NULL, '2024-03-08', NULL),
(493, NULL, 2, 4, 'ADMIN', NULL, '2024-03-12', NULL),
(494, NULL, 2, 4, 'ADMIN', NULL, '2024-03-15', NULL),
(495, NULL, 2, 4, 'ADMIN', NULL, '2024-03-19', NULL),
(496, NULL, 2, 4, 'ADMIN', NULL, '2024-03-22', NULL),
(497, NULL, 2, 4, 'ADMIN', NULL, '2024-03-26', NULL),
(498, NULL, 2, 4, 'ADMIN', NULL, '2024-03-29', NULL),
(499, NULL, 2, 4, 'ADMIN', NULL, '2024-04-02', NULL),
(500, NULL, 2, 4, 'ADMIN', NULL, '2024-04-05', NULL),
(501, NULL, 2, 4, 'ADMIN', NULL, '2024-04-09', NULL),
(502, NULL, 2, 4, 'ADMIN', NULL, '2024-04-12', NULL),
(503, NULL, 2, 4, 'ADMIN', NULL, '2024-04-16', NULL),
(504, NULL, 2, 4, 'ADMIN', NULL, '2024-04-19', NULL),
(505, NULL, 2, 4, 'ADMIN', NULL, '2024-04-23', NULL),
(506, NULL, 2, 4, 'ADMIN', NULL, '2024-04-26', NULL),
(507, NULL, 2, 4, 'ADMIN', NULL, '2024-04-30', NULL),
(508, NULL, 2, 4, 'ADMIN', NULL, '2024-05-03', NULL),
(509, NULL, 2, 4, 'ADMIN', NULL, '2024-05-07', NULL),
(510, NULL, 2, 4, 'ADMIN', NULL, '2024-05-10', NULL),
(511, NULL, 2, 4, 'ADMIN', NULL, '2024-05-14', NULL),
(512, NULL, 2, 4, 'ADMIN', NULL, '2024-05-17', NULL),
(513, NULL, 2, 4, 'ADMIN', NULL, '2024-05-21', NULL),
(515, NULL, 1, 4, 'ADMIN', NULL, '2024-02-02', NULL),
(516, NULL, 2, 4, 'ADMIN', NULL, '2024-02-02', NULL),
(517, NULL, 3, 4, 'ADMIN', NULL, '2024-02-02', NULL),
(518, NULL, 4, 4, 'ADMIN', NULL, '2024-02-02', NULL),
(519, NULL, 5, 4, 'ADMIN', NULL, '2024-02-02', NULL),
(520, NULL, 6, 4, 'ADMIN', NULL, '2024-02-02', NULL),
(521, NULL, 1, 1, 'ADMIN', NULL, '2024-01-22', NULL),
(522, NULL, 1, 1, 'ADMIN', NULL, '2024-01-26', NULL),
(523, NULL, 1, 1, 'ADMIN', NULL, '2024-01-29', NULL),
(524, NULL, 1, 1, 'ADMIN', NULL, '2024-02-02', NULL),
(525, NULL, 1, 1, 'ADMIN', NULL, '2024-02-05', NULL),
(526, NULL, 1, 1, 'ADMIN', NULL, '2024-02-09', NULL),
(527, NULL, 1, 1, 'ADMIN', NULL, '2024-02-12', NULL),
(528, NULL, 1, 1, 'ADMIN', NULL, '2024-02-16', NULL),
(529, NULL, 1, 1, 'ADMIN', NULL, '2024-02-19', NULL),
(530, NULL, 1, 1, 'ADMIN', NULL, '2024-02-23', NULL),
(531, NULL, 1, 1, 'ADMIN', NULL, '2024-02-26', NULL),
(532, NULL, 1, 1, 'ADMIN', NULL, '2024-03-01', NULL),
(533, NULL, 1, 1, 'ADMIN', NULL, '2024-03-04', NULL),
(534, NULL, 1, 1, 'ADMIN', NULL, '2024-03-08', NULL),
(535, NULL, 1, 1, 'ADMIN', NULL, '2024-03-11', NULL),
(536, NULL, 1, 1, 'ADMIN', NULL, '2024-03-15', NULL),
(537, NULL, 1, 1, 'ADMIN', NULL, '2024-03-18', NULL),
(538, NULL, 1, 1, 'ADMIN', NULL, '2024-03-22', NULL),
(539, NULL, 1, 1, 'ADMIN', NULL, '2024-03-25', NULL),
(540, NULL, 1, 1, 'ADMIN', NULL, '2024-03-29', NULL),
(541, NULL, 1, 1, 'ADMIN', NULL, '2024-04-01', NULL),
(542, NULL, 1, 1, 'ADMIN', NULL, '2024-04-05', NULL),
(543, NULL, 1, 1, 'ADMIN', NULL, '2024-04-08', NULL),
(544, NULL, 1, 1, 'ADMIN', NULL, '2024-04-12', NULL),
(545, NULL, 1, 1, 'ADMIN', NULL, '2024-04-15', NULL),
(546, NULL, 1, 1, 'ADMIN', NULL, '2024-04-19', NULL),
(547, NULL, 1, 1, 'ADMIN', NULL, '2024-04-22', NULL),
(548, NULL, 1, 1, 'ADMIN', NULL, '2024-04-26', NULL),
(549, NULL, 1, 1, 'ADMIN', NULL, '2024-04-29', NULL),
(550, NULL, 1, 1, 'ADMIN', NULL, '2024-05-03', NULL),
(551, NULL, 1, 1, 'ADMIN', NULL, '2024-05-06', NULL),
(552, NULL, 1, 1, 'ADMIN', NULL, '2024-05-10', NULL),
(553, NULL, 1, 1, 'ADMIN', NULL, '2024-05-13', NULL),
(554, NULL, 1, 1, 'ADMIN', NULL, '2024-05-17', NULL),
(555, NULL, 1, 1, 'ADMIN', NULL, '2024-05-20', NULL),
(556, NULL, 2, 1, 'ADMIN', NULL, '2024-01-22', NULL),
(557, NULL, 2, 1, 'ADMIN', NULL, '2024-01-26', NULL),
(558, NULL, 2, 1, 'ADMIN', NULL, '2024-01-29', NULL),
(559, NULL, 2, 1, 'ADMIN', NULL, '2024-02-02', NULL),
(560, NULL, 2, 1, 'ADMIN', NULL, '2024-02-05', NULL),
(561, NULL, 2, 1, 'ADMIN', NULL, '2024-02-09', NULL),
(562, NULL, 2, 1, 'ADMIN', NULL, '2024-02-12', NULL),
(563, NULL, 2, 1, 'ADMIN', NULL, '2024-02-16', NULL),
(564, NULL, 2, 1, 'ADMIN', NULL, '2024-02-19', NULL),
(565, NULL, 2, 1, 'ADMIN', NULL, '2024-02-23', NULL),
(566, NULL, 2, 1, 'ADMIN', NULL, '2024-02-26', NULL),
(567, NULL, 2, 1, 'ADMIN', NULL, '2024-03-01', NULL),
(568, NULL, 2, 1, 'ADMIN', NULL, '2024-03-04', NULL),
(569, NULL, 2, 1, 'ADMIN', NULL, '2024-03-08', NULL),
(570, NULL, 2, 1, 'ADMIN', NULL, '2024-03-11', NULL),
(571, NULL, 2, 1, 'ADMIN', NULL, '2024-03-15', NULL),
(572, NULL, 2, 1, 'ADMIN', NULL, '2024-03-18', NULL),
(573, NULL, 2, 1, 'ADMIN', NULL, '2024-03-22', NULL),
(574, NULL, 2, 1, 'ADMIN', NULL, '2024-03-25', NULL),
(575, NULL, 2, 1, 'ADMIN', NULL, '2024-03-29', NULL),
(576, NULL, 2, 1, 'ADMIN', NULL, '2024-04-01', NULL),
(577, NULL, 2, 1, 'ADMIN', NULL, '2024-04-05', NULL),
(578, NULL, 2, 1, 'ADMIN', NULL, '2024-04-08', NULL),
(579, NULL, 2, 1, 'ADMIN', NULL, '2024-04-12', NULL),
(580, NULL, 2, 1, 'ADMIN', NULL, '2024-04-15', NULL),
(581, NULL, 2, 1, 'ADMIN', NULL, '2024-04-19', NULL),
(582, NULL, 2, 1, 'ADMIN', NULL, '2024-04-22', NULL),
(583, NULL, 2, 1, 'ADMIN', NULL, '2024-04-26', NULL),
(584, NULL, 2, 1, 'ADMIN', NULL, '2024-04-29', NULL),
(585, NULL, 2, 1, 'ADMIN', NULL, '2024-05-03', NULL),
(586, NULL, 2, 1, 'ADMIN', NULL, '2024-05-06', NULL),
(587, NULL, 2, 1, 'ADMIN', NULL, '2024-05-10', NULL),
(588, NULL, 2, 1, 'ADMIN', NULL, '2024-05-13', NULL),
(589, NULL, 2, 1, 'ADMIN', NULL, '2024-05-17', NULL),
(590, NULL, 2, 1, 'ADMIN', NULL, '2024-05-20', NULL),
(591, NULL, 3, 1, 'ADMIN', NULL, '2024-01-22', NULL),
(592, NULL, 3, 1, 'ADMIN', NULL, '2024-01-26', NULL),
(593, NULL, 3, 1, 'ADMIN', NULL, '2024-01-29', NULL),
(594, NULL, 3, 1, 'ADMIN', NULL, '2024-02-02', NULL),
(595, NULL, 3, 1, 'ADMIN', NULL, '2024-02-05', NULL),
(596, NULL, 3, 1, 'ADMIN', NULL, '2024-02-09', NULL),
(597, NULL, 3, 1, 'ADMIN', NULL, '2024-02-12', NULL),
(598, NULL, 3, 1, 'ADMIN', NULL, '2024-02-16', NULL),
(599, NULL, 3, 1, 'ADMIN', NULL, '2024-02-19', NULL),
(600, NULL, 3, 1, 'ADMIN', NULL, '2024-02-23', NULL),
(601, NULL, 3, 1, 'ADMIN', NULL, '2024-02-26', NULL),
(602, NULL, 3, 1, 'ADMIN', NULL, '2024-03-01', NULL),
(603, NULL, 3, 1, 'ADMIN', NULL, '2024-03-04', NULL),
(604, NULL, 3, 1, 'ADMIN', NULL, '2024-03-08', NULL),
(605, NULL, 3, 1, 'ADMIN', NULL, '2024-03-11', NULL),
(606, NULL, 3, 1, 'ADMIN', NULL, '2024-03-15', NULL),
(607, NULL, 3, 1, 'ADMIN', NULL, '2024-03-18', NULL),
(608, NULL, 3, 1, 'ADMIN', NULL, '2024-03-22', NULL),
(609, NULL, 3, 1, 'ADMIN', NULL, '2024-03-25', NULL),
(610, NULL, 3, 1, 'ADMIN', NULL, '2024-03-29', NULL),
(611, NULL, 3, 1, 'ADMIN', NULL, '2024-04-01', NULL),
(612, NULL, 3, 1, 'ADMIN', NULL, '2024-04-05', NULL),
(613, NULL, 3, 1, 'ADMIN', NULL, '2024-04-08', NULL),
(614, NULL, 3, 1, 'ADMIN', NULL, '2024-04-12', NULL),
(615, NULL, 3, 1, 'ADMIN', NULL, '2024-04-15', NULL),
(616, NULL, 3, 1, 'ADMIN', NULL, '2024-04-19', NULL),
(617, NULL, 3, 1, 'ADMIN', NULL, '2024-04-22', NULL),
(618, NULL, 3, 1, 'ADMIN', NULL, '2024-04-26', NULL),
(619, NULL, 3, 1, 'ADMIN', NULL, '2024-04-29', NULL),
(620, NULL, 3, 1, 'ADMIN', NULL, '2024-05-03', NULL),
(621, NULL, 3, 1, 'ADMIN', NULL, '2024-05-06', NULL),
(622, NULL, 3, 1, 'ADMIN', NULL, '2024-05-10', NULL),
(623, NULL, 3, 1, 'ADMIN', NULL, '2024-05-13', NULL),
(624, NULL, 3, 1, 'ADMIN', NULL, '2024-05-17', NULL),
(625, NULL, 3, 1, 'ADMIN', NULL, '2024-05-20', NULL),
(626, NULL, 4, 1, 'ADMIN', NULL, '2024-01-22', NULL),
(627, NULL, 4, 1, 'ADMIN', NULL, '2024-01-26', NULL),
(628, NULL, 4, 1, 'ADMIN', NULL, '2024-01-29', NULL),
(629, NULL, 4, 1, 'ADMIN', NULL, '2024-02-02', NULL),
(630, NULL, 4, 1, 'ADMIN', NULL, '2024-02-05', NULL),
(631, NULL, 4, 1, 'ADMIN', NULL, '2024-02-09', NULL),
(632, NULL, 4, 1, 'ADMIN', NULL, '2024-02-12', NULL),
(633, NULL, 4, 1, 'ADMIN', NULL, '2024-02-16', NULL),
(634, NULL, 4, 1, 'ADMIN', NULL, '2024-02-19', NULL),
(635, NULL, 4, 1, 'ADMIN', NULL, '2024-02-23', NULL),
(636, NULL, 4, 1, 'ADMIN', NULL, '2024-02-26', NULL),
(637, NULL, 4, 1, 'ADMIN', NULL, '2024-03-01', NULL),
(638, NULL, 4, 1, 'ADMIN', NULL, '2024-03-04', NULL),
(639, NULL, 4, 1, 'ADMIN', NULL, '2024-03-08', NULL),
(640, NULL, 4, 1, 'ADMIN', NULL, '2024-03-11', NULL),
(641, NULL, 4, 1, 'ADMIN', NULL, '2024-03-15', NULL),
(642, NULL, 4, 1, 'ADMIN', NULL, '2024-03-18', NULL),
(643, NULL, 4, 1, 'ADMIN', NULL, '2024-03-22', NULL),
(644, NULL, 4, 1, 'ADMIN', NULL, '2024-03-25', NULL),
(645, NULL, 4, 1, 'ADMIN', NULL, '2024-03-29', NULL),
(646, NULL, 4, 1, 'ADMIN', NULL, '2024-04-01', NULL),
(647, NULL, 4, 1, 'ADMIN', NULL, '2024-04-05', NULL),
(648, NULL, 4, 1, 'ADMIN', NULL, '2024-04-08', NULL),
(649, NULL, 4, 1, 'ADMIN', NULL, '2024-04-12', NULL),
(650, NULL, 4, 1, 'ADMIN', NULL, '2024-04-15', NULL),
(651, NULL, 4, 1, 'ADMIN', NULL, '2024-04-19', NULL),
(652, NULL, 4, 1, 'ADMIN', NULL, '2024-04-22', NULL),
(653, NULL, 4, 1, 'ADMIN', NULL, '2024-04-26', NULL),
(654, NULL, 4, 1, 'ADMIN', NULL, '2024-04-29', NULL),
(655, NULL, 4, 1, 'ADMIN', NULL, '2024-05-03', NULL),
(656, NULL, 4, 1, 'ADMIN', NULL, '2024-05-06', NULL),
(657, NULL, 4, 1, 'ADMIN', NULL, '2024-05-10', NULL),
(658, NULL, 4, 1, 'ADMIN', NULL, '2024-05-13', NULL),
(659, NULL, 4, 1, 'ADMIN', NULL, '2024-05-17', NULL),
(660, NULL, 4, 1, 'ADMIN', NULL, '2024-05-20', NULL),
(661, NULL, 5, 1, 'ADMIN', NULL, '2024-01-22', NULL),
(662, NULL, 5, 1, 'ADMIN', NULL, '2024-01-26', NULL),
(663, NULL, 5, 1, 'ADMIN', NULL, '2024-01-29', NULL),
(664, NULL, 5, 1, 'ADMIN', NULL, '2024-02-02', NULL),
(665, NULL, 5, 1, 'ADMIN', NULL, '2024-02-05', NULL),
(666, NULL, 5, 1, 'ADMIN', NULL, '2024-02-09', NULL),
(667, NULL, 5, 1, 'ADMIN', NULL, '2024-02-12', NULL),
(668, NULL, 5, 1, 'ADMIN', NULL, '2024-02-16', NULL),
(669, NULL, 5, 1, 'ADMIN', NULL, '2024-02-19', NULL),
(670, NULL, 5, 1, 'ADMIN', NULL, '2024-02-23', NULL),
(671, NULL, 5, 1, 'ADMIN', NULL, '2024-02-26', NULL),
(672, NULL, 5, 1, 'ADMIN', NULL, '2024-03-01', NULL),
(673, NULL, 5, 1, 'ADMIN', NULL, '2024-03-04', NULL),
(674, NULL, 5, 1, 'ADMIN', NULL, '2024-03-08', NULL),
(675, NULL, 5, 1, 'ADMIN', NULL, '2024-03-11', NULL),
(676, NULL, 5, 1, 'ADMIN', NULL, '2024-03-15', NULL),
(677, NULL, 5, 1, 'ADMIN', NULL, '2024-03-18', NULL),
(678, NULL, 5, 1, 'ADMIN', NULL, '2024-03-22', NULL),
(679, NULL, 5, 1, 'ADMIN', NULL, '2024-03-25', NULL),
(680, NULL, 5, 1, 'ADMIN', NULL, '2024-03-29', NULL),
(681, NULL, 5, 1, 'ADMIN', NULL, '2024-04-01', NULL),
(682, NULL, 5, 1, 'ADMIN', NULL, '2024-04-05', NULL),
(683, NULL, 5, 1, 'ADMIN', NULL, '2024-04-08', NULL),
(684, NULL, 5, 1, 'ADMIN', NULL, '2024-04-12', NULL),
(685, NULL, 5, 1, 'ADMIN', NULL, '2024-04-15', NULL),
(686, NULL, 5, 1, 'ADMIN', NULL, '2024-04-19', NULL),
(687, NULL, 5, 1, 'ADMIN', NULL, '2024-04-22', NULL),
(688, NULL, 5, 1, 'ADMIN', NULL, '2024-04-26', NULL),
(689, NULL, 5, 1, 'ADMIN', NULL, '2024-04-29', NULL),
(690, NULL, 5, 1, 'ADMIN', NULL, '2024-05-03', NULL),
(691, NULL, 5, 1, 'ADMIN', NULL, '2024-05-06', NULL),
(692, NULL, 5, 1, 'ADMIN', NULL, '2024-05-10', NULL),
(693, NULL, 5, 1, 'ADMIN', NULL, '2024-05-13', NULL),
(694, NULL, 5, 1, 'ADMIN', NULL, '2024-05-17', NULL),
(695, NULL, 5, 1, 'ADMIN', NULL, '2024-05-20', NULL),
(696, NULL, 6, 1, 'ADMIN', NULL, '2024-01-22', NULL),
(697, NULL, 6, 1, 'ADMIN', NULL, '2024-01-26', NULL),
(698, NULL, 6, 1, 'ADMIN', NULL, '2024-01-29', NULL),
(699, NULL, 6, 1, 'ADMIN', NULL, '2024-02-02', NULL),
(700, NULL, 6, 1, 'ADMIN', NULL, '2024-02-05', NULL),
(701, NULL, 6, 1, 'ADMIN', NULL, '2024-02-09', NULL),
(702, NULL, 6, 1, 'ADMIN', NULL, '2024-02-12', NULL),
(703, NULL, 6, 1, 'ADMIN', NULL, '2024-02-16', NULL),
(704, NULL, 6, 1, 'ADMIN', NULL, '2024-02-19', NULL),
(705, NULL, 6, 1, 'ADMIN', NULL, '2024-02-23', NULL),
(706, NULL, 6, 1, 'ADMIN', NULL, '2024-02-26', NULL),
(707, NULL, 6, 1, 'ADMIN', NULL, '2024-03-01', NULL),
(708, NULL, 6, 1, 'ADMIN', NULL, '2024-03-04', NULL),
(709, NULL, 6, 1, 'ADMIN', NULL, '2024-03-08', NULL),
(710, NULL, 6, 1, 'ADMIN', NULL, '2024-03-11', NULL),
(711, NULL, 6, 1, 'ADMIN', NULL, '2024-03-15', NULL),
(712, NULL, 6, 1, 'ADMIN', NULL, '2024-03-18', NULL),
(713, NULL, 6, 1, 'ADMIN', NULL, '2024-03-22', NULL),
(714, NULL, 6, 1, 'ADMIN', NULL, '2024-03-25', NULL),
(715, NULL, 6, 1, 'ADMIN', NULL, '2024-03-29', NULL),
(716, NULL, 6, 1, 'ADMIN', NULL, '2024-04-01', NULL),
(717, NULL, 6, 1, 'ADMIN', NULL, '2024-04-05', NULL),
(718, NULL, 6, 1, 'ADMIN', NULL, '2024-04-08', NULL),
(719, NULL, 6, 1, 'ADMIN', NULL, '2024-04-12', NULL),
(720, NULL, 6, 1, 'ADMIN', NULL, '2024-04-15', NULL),
(721, NULL, 6, 1, 'ADMIN', NULL, '2024-04-19', NULL),
(722, NULL, 6, 1, 'ADMIN', NULL, '2024-04-22', NULL),
(723, NULL, 6, 1, 'ADMIN', NULL, '2024-04-26', NULL),
(724, NULL, 6, 1, 'ADMIN', NULL, '2024-04-29', NULL),
(725, NULL, 6, 1, 'ADMIN', NULL, '2024-05-03', NULL),
(726, NULL, 6, 1, 'ADMIN', NULL, '2024-05-06', NULL),
(727, NULL, 6, 1, 'ADMIN', NULL, '2024-05-10', NULL),
(728, NULL, 6, 1, 'ADMIN', NULL, '2024-05-13', NULL),
(729, NULL, 6, 1, 'ADMIN', NULL, '2024-05-17', NULL),
(730, NULL, 6, 1, 'ADMIN', NULL, '2024-05-20', NULL),
(731, NULL, 1, 2, 'ADMIN', NULL, '2024-01-24', NULL),
(732, NULL, 1, 2, 'ADMIN', NULL, '2024-01-25', NULL),
(733, NULL, 1, 2, 'ADMIN', NULL, '2024-01-31', NULL),
(734, NULL, 1, 2, 'ADMIN', NULL, '2024-02-01', NULL),
(735, NULL, 1, 2, 'ADMIN', NULL, '2024-02-07', NULL),
(736, NULL, 1, 2, 'ADMIN', NULL, '2024-02-08', NULL),
(737, NULL, 1, 2, 'ADMIN', NULL, '2024-02-14', NULL),
(738, NULL, 1, 2, 'ADMIN', NULL, '2024-02-15', NULL),
(739, NULL, 1, 2, 'ADMIN', NULL, '2024-02-21', NULL),
(740, NULL, 1, 2, 'ADMIN', NULL, '2024-02-22', NULL),
(741, NULL, 1, 2, 'ADMIN', NULL, '2024-02-28', NULL),
(742, NULL, 1, 2, 'ADMIN', NULL, '2024-02-29', NULL),
(743, NULL, 1, 2, 'ADMIN', NULL, '2024-03-06', NULL),
(744, NULL, 1, 2, 'ADMIN', NULL, '2024-03-07', NULL),
(745, NULL, 1, 2, 'ADMIN', NULL, '2024-03-13', NULL),
(746, NULL, 1, 2, 'ADMIN', NULL, '2024-03-14', NULL),
(747, NULL, 1, 2, 'ADMIN', NULL, '2024-03-20', NULL),
(748, NULL, 1, 2, 'ADMIN', NULL, '2024-03-21', NULL),
(749, NULL, 1, 2, 'ADMIN', NULL, '2024-03-27', NULL),
(750, NULL, 1, 2, 'ADMIN', NULL, '2024-03-28', NULL),
(751, NULL, 1, 2, 'ADMIN', NULL, '2024-04-03', NULL),
(752, NULL, 1, 2, 'ADMIN', NULL, '2024-04-04', NULL),
(753, NULL, 1, 2, 'ADMIN', NULL, '2024-04-10', NULL),
(754, NULL, 1, 2, 'ADMIN', NULL, '2024-04-11', NULL),
(755, NULL, 1, 2, 'ADMIN', NULL, '2024-04-17', NULL),
(756, NULL, 1, 2, 'ADMIN', NULL, '2024-04-18', NULL),
(757, NULL, 1, 2, 'ADMIN', NULL, '2024-04-24', NULL),
(758, NULL, 1, 2, 'ADMIN', NULL, '2024-04-25', NULL),
(759, NULL, 1, 2, 'ADMIN', NULL, '2024-05-01', NULL),
(760, NULL, 1, 2, 'ADMIN', NULL, '2024-05-02', NULL),
(761, NULL, 1, 2, 'ADMIN', NULL, '2024-05-08', NULL),
(762, NULL, 1, 2, 'ADMIN', NULL, '2024-05-09', NULL),
(763, NULL, 1, 2, 'ADMIN', NULL, '2024-05-15', NULL),
(764, NULL, 1, 2, 'ADMIN', NULL, '2024-05-16', NULL),
(765, NULL, 1, 2, 'ADMIN', NULL, '2024-05-22', NULL),
(766, NULL, 2, 2, 'ADMIN', NULL, '2024-01-24', NULL),
(767, NULL, 2, 2, 'ADMIN', NULL, '2024-01-25', NULL),
(768, NULL, 2, 2, 'ADMIN', NULL, '2024-01-31', NULL),
(769, NULL, 2, 2, 'ADMIN', NULL, '2024-02-01', NULL),
(770, NULL, 2, 2, 'ADMIN', NULL, '2024-02-07', NULL),
(771, NULL, 2, 2, 'ADMIN', NULL, '2024-02-08', NULL),
(772, NULL, 2, 2, 'ADMIN', NULL, '2024-02-14', NULL),
(773, NULL, 2, 2, 'ADMIN', NULL, '2024-02-15', NULL),
(774, NULL, 2, 2, 'ADMIN', NULL, '2024-02-21', NULL),
(775, NULL, 2, 2, 'ADMIN', NULL, '2024-02-22', NULL),
(776, NULL, 2, 2, 'ADMIN', NULL, '2024-02-28', NULL),
(777, NULL, 2, 2, 'ADMIN', NULL, '2024-02-29', NULL),
(778, NULL, 2, 2, 'ADMIN', NULL, '2024-03-06', NULL),
(779, NULL, 2, 2, 'ADMIN', NULL, '2024-03-07', NULL),
(780, NULL, 2, 2, 'ADMIN', NULL, '2024-03-13', NULL),
(781, NULL, 2, 2, 'ADMIN', NULL, '2024-03-14', NULL),
(782, NULL, 2, 2, 'ADMIN', NULL, '2024-03-20', NULL),
(783, NULL, 2, 2, 'ADMIN', NULL, '2024-03-21', NULL),
(784, NULL, 2, 2, 'ADMIN', NULL, '2024-03-27', NULL),
(785, NULL, 2, 2, 'ADMIN', NULL, '2024-03-28', NULL),
(786, NULL, 2, 2, 'ADMIN', NULL, '2024-04-03', NULL),
(787, NULL, 2, 2, 'ADMIN', NULL, '2024-04-04', NULL),
(788, NULL, 2, 2, 'ADMIN', NULL, '2024-04-10', NULL),
(789, NULL, 2, 2, 'ADMIN', NULL, '2024-04-11', NULL),
(790, NULL, 2, 2, 'ADMIN', NULL, '2024-04-17', NULL),
(791, NULL, 2, 2, 'ADMIN', NULL, '2024-04-18', NULL),
(792, NULL, 2, 2, 'ADMIN', NULL, '2024-04-24', NULL),
(793, NULL, 2, 2, 'ADMIN', NULL, '2024-04-25', NULL),
(794, NULL, 2, 2, 'ADMIN', NULL, '2024-05-01', NULL),
(795, NULL, 2, 2, 'ADMIN', NULL, '2024-05-02', NULL),
(796, NULL, 2, 2, 'ADMIN', NULL, '2024-05-08', NULL),
(797, NULL, 2, 2, 'ADMIN', NULL, '2024-05-09', NULL),
(798, NULL, 2, 2, 'ADMIN', NULL, '2024-05-15', NULL),
(799, NULL, 2, 2, 'ADMIN', NULL, '2024-05-16', NULL),
(800, NULL, 2, 2, 'ADMIN', NULL, '2024-05-22', NULL),
(801, NULL, 3, 2, 'ADMIN', NULL, '2024-01-24', NULL),
(802, NULL, 3, 2, 'ADMIN', NULL, '2024-01-25', NULL),
(803, NULL, 3, 2, 'ADMIN', NULL, '2024-01-31', NULL),
(804, NULL, 3, 2, 'ADMIN', NULL, '2024-02-01', NULL),
(805, NULL, 3, 2, 'ADMIN', NULL, '2024-02-07', NULL),
(806, NULL, 3, 2, 'ADMIN', NULL, '2024-02-08', NULL),
(807, NULL, 3, 2, 'ADMIN', NULL, '2024-02-14', NULL),
(808, NULL, 3, 2, 'ADMIN', NULL, '2024-02-15', NULL),
(809, NULL, 3, 2, 'ADMIN', NULL, '2024-02-21', NULL),
(810, NULL, 3, 2, 'ADMIN', NULL, '2024-02-22', NULL),
(811, NULL, 3, 2, 'ADMIN', NULL, '2024-02-28', NULL),
(812, NULL, 3, 2, 'ADMIN', NULL, '2024-02-29', NULL),
(813, NULL, 3, 2, 'ADMIN', NULL, '2024-03-06', NULL),
(814, NULL, 3, 2, 'ADMIN', NULL, '2024-03-07', NULL),
(815, NULL, 3, 2, 'ADMIN', NULL, '2024-03-13', NULL),
(816, NULL, 3, 2, 'ADMIN', NULL, '2024-03-14', NULL),
(817, NULL, 3, 2, 'ADMIN', NULL, '2024-03-20', NULL),
(818, NULL, 3, 2, 'ADMIN', NULL, '2024-03-21', NULL),
(819, NULL, 3, 2, 'ADMIN', NULL, '2024-03-27', NULL),
(820, NULL, 3, 2, 'ADMIN', NULL, '2024-03-28', NULL),
(821, NULL, 3, 2, 'ADMIN', NULL, '2024-04-03', NULL),
(822, NULL, 3, 2, 'ADMIN', NULL, '2024-04-04', NULL),
(823, NULL, 3, 2, 'ADMIN', NULL, '2024-04-10', NULL),
(824, NULL, 3, 2, 'ADMIN', NULL, '2024-04-11', NULL),
(825, NULL, 3, 2, 'ADMIN', NULL, '2024-04-17', NULL),
(826, NULL, 3, 2, 'ADMIN', NULL, '2024-04-18', NULL),
(827, NULL, 3, 2, 'ADMIN', NULL, '2024-04-24', NULL),
(828, NULL, 3, 2, 'ADMIN', NULL, '2024-04-25', NULL),
(829, NULL, 3, 2, 'ADMIN', NULL, '2024-05-01', NULL),
(830, NULL, 3, 2, 'ADMIN', NULL, '2024-05-02', NULL),
(831, NULL, 3, 2, 'ADMIN', NULL, '2024-05-08', NULL),
(832, NULL, 3, 2, 'ADMIN', NULL, '2024-05-09', NULL),
(833, NULL, 3, 2, 'ADMIN', NULL, '2024-05-15', NULL),
(834, NULL, 3, 2, 'ADMIN', NULL, '2024-05-16', NULL),
(835, NULL, 3, 2, 'ADMIN', NULL, '2024-05-22', NULL),
(836, NULL, 4, 2, 'ADMIN', NULL, '2024-01-24', NULL),
(837, NULL, 4, 2, 'ADMIN', NULL, '2024-01-25', NULL),
(838, NULL, 4, 2, 'ADMIN', NULL, '2024-01-31', NULL),
(839, NULL, 4, 2, 'ADMIN', NULL, '2024-02-01', NULL),
(840, NULL, 4, 2, 'ADMIN', NULL, '2024-02-07', NULL),
(841, NULL, 4, 2, 'ADMIN', NULL, '2024-02-08', NULL),
(842, NULL, 4, 2, 'ADMIN', NULL, '2024-02-14', NULL),
(843, NULL, 4, 2, 'ADMIN', NULL, '2024-02-15', NULL),
(844, NULL, 4, 2, 'ADMIN', NULL, '2024-02-21', NULL),
(845, NULL, 4, 2, 'ADMIN', NULL, '2024-02-22', NULL),
(846, NULL, 4, 2, 'ADMIN', NULL, '2024-02-28', NULL),
(847, NULL, 4, 2, 'ADMIN', NULL, '2024-02-29', NULL),
(848, NULL, 4, 2, 'ADMIN', NULL, '2024-03-06', NULL),
(849, NULL, 4, 2, 'ADMIN', NULL, '2024-03-07', NULL),
(850, NULL, 4, 2, 'ADMIN', NULL, '2024-03-13', NULL),
(851, NULL, 4, 2, 'ADMIN', NULL, '2024-03-14', NULL),
(852, NULL, 4, 2, 'ADMIN', NULL, '2024-03-20', NULL),
(853, NULL, 4, 2, 'ADMIN', NULL, '2024-03-21', NULL),
(854, NULL, 4, 2, 'ADMIN', NULL, '2024-03-27', NULL),
(855, NULL, 4, 2, 'ADMIN', NULL, '2024-03-28', NULL),
(856, NULL, 4, 2, 'ADMIN', NULL, '2024-04-03', NULL),
(857, NULL, 4, 2, 'ADMIN', NULL, '2024-04-04', NULL),
(858, NULL, 4, 2, 'ADMIN', NULL, '2024-04-10', NULL),
(859, NULL, 4, 2, 'ADMIN', NULL, '2024-04-11', NULL),
(860, NULL, 4, 2, 'ADMIN', NULL, '2024-04-17', NULL),
(861, NULL, 4, 2, 'ADMIN', NULL, '2024-04-18', NULL),
(862, NULL, 4, 2, 'ADMIN', NULL, '2024-04-24', NULL),
(863, NULL, 4, 2, 'ADMIN', NULL, '2024-04-25', NULL),
(864, NULL, 4, 2, 'ADMIN', NULL, '2024-05-01', NULL),
(865, NULL, 4, 2, 'ADMIN', NULL, '2024-05-02', NULL),
(866, NULL, 4, 2, 'ADMIN', NULL, '2024-05-08', NULL),
(867, NULL, 4, 2, 'ADMIN', NULL, '2024-05-09', NULL),
(868, NULL, 4, 2, 'ADMIN', NULL, '2024-05-15', NULL),
(869, NULL, 4, 2, 'ADMIN', NULL, '2024-05-16', NULL),
(870, NULL, 4, 2, 'ADMIN', NULL, '2024-05-22', NULL),
(871, NULL, 5, 2, 'ADMIN', NULL, '2024-01-24', NULL),
(872, NULL, 5, 2, 'ADMIN', NULL, '2024-01-25', NULL),
(873, NULL, 5, 2, 'ADMIN', NULL, '2024-01-31', NULL),
(874, NULL, 5, 2, 'ADMIN', NULL, '2024-02-01', NULL),
(875, NULL, 5, 2, 'ADMIN', NULL, '2024-02-07', NULL),
(876, NULL, 5, 2, 'ADMIN', NULL, '2024-02-08', NULL),
(877, NULL, 5, 2, 'ADMIN', NULL, '2024-02-14', NULL),
(878, NULL, 5, 2, 'ADMIN', NULL, '2024-02-15', NULL),
(879, NULL, 5, 2, 'ADMIN', NULL, '2024-02-21', NULL),
(880, NULL, 5, 2, 'ADMIN', NULL, '2024-02-22', NULL),
(881, NULL, 5, 2, 'ADMIN', NULL, '2024-02-28', NULL),
(882, NULL, 5, 2, 'ADMIN', NULL, '2024-02-29', NULL),
(883, NULL, 5, 2, 'ADMIN', NULL, '2024-03-06', NULL),
(884, NULL, 5, 2, 'ADMIN', NULL, '2024-03-07', NULL),
(885, NULL, 5, 2, 'ADMIN', NULL, '2024-03-13', NULL),
(886, NULL, 5, 2, 'ADMIN', NULL, '2024-03-14', NULL),
(887, NULL, 5, 2, 'ADMIN', NULL, '2024-03-20', NULL),
(888, NULL, 5, 2, 'ADMIN', NULL, '2024-03-21', NULL),
(889, NULL, 5, 2, 'ADMIN', NULL, '2024-03-27', NULL),
(890, NULL, 5, 2, 'ADMIN', NULL, '2024-03-28', NULL),
(891, NULL, 5, 2, 'ADMIN', NULL, '2024-04-03', NULL),
(892, NULL, 5, 2, 'ADMIN', NULL, '2024-04-04', NULL),
(893, NULL, 5, 2, 'ADMIN', NULL, '2024-04-10', NULL),
(894, NULL, 5, 2, 'ADMIN', NULL, '2024-04-11', NULL),
(895, NULL, 5, 2, 'ADMIN', NULL, '2024-04-17', NULL),
(896, NULL, 5, 2, 'ADMIN', NULL, '2024-04-18', NULL),
(897, NULL, 5, 2, 'ADMIN', NULL, '2024-04-24', NULL),
(898, NULL, 5, 2, 'ADMIN', NULL, '2024-04-25', NULL),
(899, NULL, 5, 2, 'ADMIN', NULL, '2024-05-01', NULL),
(900, NULL, 5, 2, 'ADMIN', NULL, '2024-05-02', NULL),
(901, NULL, 5, 2, 'ADMIN', NULL, '2024-05-08', NULL),
(902, NULL, 5, 2, 'ADMIN', NULL, '2024-05-09', NULL),
(903, NULL, 5, 2, 'ADMIN', NULL, '2024-05-15', NULL),
(904, NULL, 5, 2, 'ADMIN', NULL, '2024-05-16', NULL),
(905, NULL, 5, 2, 'ADMIN', NULL, '2024-05-22', NULL),
(906, NULL, 6, 2, 'ADMIN', NULL, '2024-01-24', NULL),
(907, NULL, 6, 2, 'ADMIN', NULL, '2024-01-25', NULL),
(908, NULL, 6, 2, 'ADMIN', NULL, '2024-01-31', NULL),
(909, NULL, 6, 2, 'ADMIN', NULL, '2024-02-01', NULL),
(910, NULL, 6, 2, 'ADMIN', NULL, '2024-02-07', NULL),
(911, NULL, 6, 2, 'ADMIN', NULL, '2024-02-08', NULL),
(912, NULL, 6, 2, 'ADMIN', NULL, '2024-02-14', NULL),
(913, NULL, 6, 2, 'ADMIN', NULL, '2024-02-15', NULL),
(914, NULL, 6, 2, 'ADMIN', NULL, '2024-02-21', NULL),
(915, NULL, 6, 2, 'ADMIN', NULL, '2024-02-22', NULL),
(916, NULL, 6, 2, 'ADMIN', NULL, '2024-02-28', NULL),
(917, NULL, 6, 2, 'ADMIN', NULL, '2024-02-29', NULL),
(918, NULL, 6, 2, 'ADMIN', NULL, '2024-03-06', NULL),
(919, NULL, 6, 2, 'ADMIN', NULL, '2024-03-07', NULL),
(920, NULL, 6, 2, 'ADMIN', NULL, '2024-03-13', NULL),
(921, NULL, 6, 2, 'ADMIN', NULL, '2024-03-14', NULL),
(922, NULL, 6, 2, 'ADMIN', NULL, '2024-03-20', NULL),
(923, NULL, 6, 2, 'ADMIN', NULL, '2024-03-21', NULL),
(924, NULL, 6, 2, 'ADMIN', NULL, '2024-03-27', NULL),
(925, NULL, 6, 2, 'ADMIN', NULL, '2024-03-28', NULL),
(926, NULL, 6, 2, 'ADMIN', NULL, '2024-04-03', NULL),
(927, NULL, 6, 2, 'ADMIN', NULL, '2024-04-04', NULL),
(928, NULL, 6, 2, 'ADMIN', NULL, '2024-04-10', NULL),
(929, NULL, 6, 2, 'ADMIN', NULL, '2024-04-11', NULL),
(930, NULL, 6, 2, 'ADMIN', NULL, '2024-04-17', NULL),
(931, NULL, 6, 2, 'ADMIN', NULL, '2024-04-18', NULL),
(932, NULL, 6, 2, 'ADMIN', NULL, '2024-04-24', NULL),
(933, NULL, 6, 2, 'ADMIN', NULL, '2024-04-25', NULL),
(934, NULL, 6, 2, 'ADMIN', NULL, '2024-05-01', NULL),
(935, NULL, 6, 2, 'ADMIN', NULL, '2024-05-02', NULL),
(936, NULL, 6, 2, 'ADMIN', NULL, '2024-05-08', NULL),
(937, NULL, 6, 2, 'ADMIN', NULL, '2024-05-09', NULL),
(938, NULL, 6, 2, 'ADMIN', NULL, '2024-05-15', NULL),
(939, NULL, 6, 2, 'ADMIN', NULL, '2024-05-16', NULL),
(940, NULL, 6, 2, 'ADMIN', NULL, '2024-05-22', NULL),
(941, NULL, 1, 3, 'ADMIN', NULL, '2024-01-22', NULL),
(942, NULL, 1, 3, 'ADMIN', NULL, '2024-01-24', NULL),
(943, NULL, 1, 3, 'ADMIN', NULL, '2024-01-29', NULL),
(944, NULL, 1, 3, 'ADMIN', NULL, '2024-01-31', NULL),
(945, NULL, 1, 3, 'ADMIN', NULL, '2024-02-05', NULL),
(946, NULL, 1, 3, 'ADMIN', NULL, '2024-02-07', NULL),
(947, NULL, 1, 3, 'ADMIN', NULL, '2024-02-12', NULL),
(948, NULL, 1, 3, 'ADMIN', NULL, '2024-02-14', NULL),
(949, NULL, 1, 3, 'ADMIN', NULL, '2024-02-19', NULL),
(950, NULL, 1, 3, 'ADMIN', NULL, '2024-02-21', NULL),
(951, NULL, 1, 3, 'ADMIN', NULL, '2024-02-26', NULL),
(952, NULL, 1, 3, 'ADMIN', NULL, '2024-02-28', NULL),
(953, NULL, 1, 3, 'ADMIN', NULL, '2024-03-04', NULL),
(954, NULL, 1, 3, 'ADMIN', NULL, '2024-03-06', NULL),
(955, NULL, 1, 3, 'ADMIN', NULL, '2024-03-11', NULL),
(956, NULL, 1, 3, 'ADMIN', NULL, '2024-03-13', NULL),
(957, NULL, 1, 3, 'ADMIN', NULL, '2024-03-18', NULL),
(958, NULL, 1, 3, 'ADMIN', NULL, '2024-03-20', NULL),
(959, NULL, 1, 3, 'ADMIN', NULL, '2024-03-25', NULL),
(960, NULL, 1, 3, 'ADMIN', NULL, '2024-03-27', NULL),
(961, NULL, 1, 3, 'ADMIN', NULL, '2024-04-01', NULL),
(962, NULL, 1, 3, 'ADMIN', NULL, '2024-04-03', NULL),
(963, NULL, 1, 3, 'ADMIN', NULL, '2024-04-08', NULL),
(964, NULL, 1, 3, 'ADMIN', NULL, '2024-04-10', NULL),
(965, NULL, 1, 3, 'ADMIN', NULL, '2024-04-15', NULL),
(966, NULL, 1, 3, 'ADMIN', NULL, '2024-04-17', NULL),
(967, NULL, 1, 3, 'ADMIN', NULL, '2024-04-22', NULL),
(968, NULL, 1, 3, 'ADMIN', NULL, '2024-04-24', NULL),
(969, NULL, 1, 3, 'ADMIN', NULL, '2024-05-01', NULL),
(970, NULL, 1, 3, 'ADMIN', NULL, '2024-05-06', NULL),
(971, NULL, 1, 3, 'ADMIN', NULL, '2024-05-08', NULL),
(972, NULL, 1, 3, 'ADMIN', NULL, '2024-05-13', NULL),
(973, NULL, 1, 3, 'ADMIN', NULL, '2024-05-15', NULL),
(974, NULL, 1, 3, 'ADMIN', NULL, '2024-05-20', NULL),
(975, NULL, 1, 3, 'ADMIN', NULL, '2024-05-22', NULL),
(976, NULL, 2, 3, 'ADMIN', NULL, '2024-01-22', NULL),
(977, NULL, 2, 3, 'ADMIN', NULL, '2024-01-24', NULL),
(978, NULL, 2, 3, 'ADMIN', NULL, '2024-01-29', NULL),
(979, NULL, 2, 3, 'ADMIN', NULL, '2024-01-31', NULL),
(980, NULL, 2, 3, 'ADMIN', NULL, '2024-02-05', NULL),
(981, NULL, 2, 3, 'ADMIN', NULL, '2024-02-07', NULL),
(982, NULL, 2, 3, 'ADMIN', NULL, '2024-02-12', NULL),
(983, NULL, 2, 3, 'ADMIN', NULL, '2024-02-14', NULL),
(984, NULL, 2, 3, 'ADMIN', NULL, '2024-02-19', NULL),
(985, NULL, 2, 3, 'ADMIN', NULL, '2024-02-21', NULL),
(986, NULL, 2, 3, 'ADMIN', NULL, '2024-02-26', NULL),
(987, NULL, 2, 3, 'ADMIN', NULL, '2024-02-28', NULL),
(988, NULL, 2, 3, 'ADMIN', NULL, '2024-03-04', NULL),
(989, NULL, 2, 3, 'ADMIN', NULL, '2024-03-06', NULL),
(990, NULL, 2, 3, 'ADMIN', NULL, '2024-03-11', NULL),
(991, NULL, 2, 3, 'ADMIN', NULL, '2024-03-13', NULL),
(992, NULL, 2, 3, 'ADMIN', NULL, '2024-03-18', NULL),
(993, NULL, 2, 3, 'ADMIN', NULL, '2024-03-20', NULL),
(994, NULL, 2, 3, 'ADMIN', NULL, '2024-03-25', NULL),
(995, NULL, 2, 3, 'ADMIN', NULL, '2024-03-27', NULL),
(996, NULL, 2, 3, 'ADMIN', NULL, '2024-04-01', NULL),
(997, NULL, 2, 3, 'ADMIN', NULL, '2024-04-03', NULL),
(998, NULL, 2, 3, 'ADMIN', NULL, '2024-04-08', NULL),
(999, NULL, 2, 3, 'ADMIN', NULL, '2024-04-10', NULL),
(1000, NULL, 2, 3, 'ADMIN', NULL, '2024-04-15', NULL),
(1001, NULL, 2, 3, 'ADMIN', NULL, '2024-04-17', NULL),
(1002, NULL, 2, 3, 'ADMIN', NULL, '2024-04-22', NULL),
(1003, NULL, 2, 3, 'ADMIN', NULL, '2024-04-24', NULL),
(1004, NULL, 2, 3, 'ADMIN', NULL, '2024-05-01', NULL),
(1005, NULL, 2, 3, 'ADMIN', NULL, '2024-05-06', NULL),
(1006, NULL, 2, 3, 'ADMIN', NULL, '2024-05-08', NULL),
(1007, NULL, 2, 3, 'ADMIN', NULL, '2024-05-13', NULL),
(1008, NULL, 2, 3, 'ADMIN', NULL, '2024-05-15', NULL),
(1009, NULL, 2, 3, 'ADMIN', NULL, '2024-05-20', NULL),
(1010, NULL, 2, 3, 'ADMIN', NULL, '2024-05-22', NULL),
(1011, NULL, 3, 3, 'ADMIN', NULL, '2024-01-22', NULL),
(1012, NULL, 3, 3, 'ADMIN', NULL, '2024-01-24', NULL),
(1013, NULL, 3, 3, 'ADMIN', NULL, '2024-01-29', NULL),
(1014, NULL, 3, 3, 'ADMIN', NULL, '2024-01-31', NULL),
(1015, NULL, 3, 3, 'ADMIN', NULL, '2024-02-05', NULL),
(1016, NULL, 3, 3, 'ADMIN', NULL, '2024-02-07', NULL),
(1017, NULL, 3, 3, 'ADMIN', NULL, '2024-02-12', NULL),
(1018, NULL, 3, 3, 'ADMIN', NULL, '2024-02-14', NULL),
(1019, NULL, 3, 3, 'ADMIN', NULL, '2024-02-19', NULL),
(1020, NULL, 3, 3, 'ADMIN', NULL, '2024-02-21', NULL),
(1021, NULL, 3, 3, 'ADMIN', NULL, '2024-02-26', NULL),
(1022, NULL, 3, 3, 'ADMIN', NULL, '2024-02-28', NULL),
(1023, NULL, 3, 3, 'ADMIN', NULL, '2024-03-04', NULL),
(1024, NULL, 3, 3, 'ADMIN', NULL, '2024-03-06', NULL),
(1025, NULL, 3, 3, 'ADMIN', NULL, '2024-03-11', NULL),
(1026, NULL, 3, 3, 'ADMIN', NULL, '2024-03-13', NULL),
(1027, NULL, 3, 3, 'ADMIN', NULL, '2024-03-18', NULL),
(1028, NULL, 3, 3, 'ADMIN', NULL, '2024-03-20', NULL),
(1029, NULL, 3, 3, 'ADMIN', NULL, '2024-03-25', NULL),
(1030, NULL, 3, 3, 'ADMIN', NULL, '2024-03-27', NULL),
(1031, NULL, 3, 3, 'ADMIN', NULL, '2024-04-01', NULL),
(1032, NULL, 3, 3, 'ADMIN', NULL, '2024-04-03', NULL),
(1033, NULL, 3, 3, 'ADMIN', NULL, '2024-04-08', NULL),
(1034, NULL, 3, 3, 'ADMIN', NULL, '2024-04-10', NULL),
(1035, NULL, 3, 3, 'ADMIN', NULL, '2024-04-15', NULL),
(1036, NULL, 3, 3, 'ADMIN', NULL, '2024-04-17', NULL),
(1037, NULL, 3, 3, 'ADMIN', NULL, '2024-04-22', NULL),
(1038, NULL, 3, 3, 'ADMIN', NULL, '2024-04-24', NULL),
(1039, NULL, 3, 3, 'ADMIN', NULL, '2024-05-01', NULL),
(1040, NULL, 3, 3, 'ADMIN', NULL, '2024-05-06', NULL),
(1041, NULL, 3, 3, 'ADMIN', NULL, '2024-05-08', NULL),
(1042, NULL, 3, 3, 'ADMIN', NULL, '2024-05-13', NULL),
(1043, NULL, 3, 3, 'ADMIN', NULL, '2024-05-15', NULL),
(1044, NULL, 3, 3, 'ADMIN', NULL, '2024-05-20', NULL),
(1045, NULL, 3, 3, 'ADMIN', NULL, '2024-05-22', NULL),
(1046, NULL, 4, 3, 'ADMIN', NULL, '2024-01-22', NULL),
(1047, NULL, 4, 3, 'ADMIN', NULL, '2024-01-24', NULL),
(1048, NULL, 4, 3, 'ADMIN', NULL, '2024-01-29', NULL),
(1049, NULL, 4, 3, 'ADMIN', NULL, '2024-01-31', NULL),
(1050, NULL, 4, 3, 'ADMIN', NULL, '2024-02-05', NULL),
(1051, NULL, 4, 3, 'ADMIN', NULL, '2024-02-07', NULL),
(1052, NULL, 4, 3, 'ADMIN', NULL, '2024-02-12', NULL),
(1053, NULL, 4, 3, 'ADMIN', NULL, '2024-02-14', NULL),
(1054, NULL, 4, 3, 'ADMIN', NULL, '2024-02-19', NULL),
(1055, NULL, 4, 3, 'ADMIN', NULL, '2024-02-21', NULL),
(1056, NULL, 4, 3, 'ADMIN', NULL, '2024-02-26', NULL),
(1057, NULL, 4, 3, 'ADMIN', NULL, '2024-02-28', NULL),
(1058, NULL, 4, 3, 'ADMIN', NULL, '2024-03-04', NULL),
(1059, NULL, 4, 3, 'ADMIN', NULL, '2024-03-06', NULL),
(1060, NULL, 4, 3, 'ADMIN', NULL, '2024-03-11', NULL),
(1061, NULL, 4, 3, 'ADMIN', NULL, '2024-03-13', NULL),
(1062, NULL, 4, 3, 'ADMIN', NULL, '2024-03-18', NULL),
(1063, NULL, 4, 3, 'ADMIN', NULL, '2024-03-20', NULL),
(1064, NULL, 4, 3, 'ADMIN', NULL, '2024-03-25', NULL),
(1065, NULL, 4, 3, 'ADMIN', NULL, '2024-03-27', NULL),
(1066, NULL, 4, 3, 'ADMIN', NULL, '2024-04-01', NULL),
(1067, NULL, 4, 3, 'ADMIN', NULL, '2024-04-03', NULL),
(1068, NULL, 4, 3, 'ADMIN', NULL, '2024-04-08', NULL),
(1069, NULL, 4, 3, 'ADMIN', NULL, '2024-04-10', NULL),
(1070, NULL, 4, 3, 'ADMIN', NULL, '2024-04-15', NULL),
(1071, NULL, 4, 3, 'ADMIN', NULL, '2024-04-17', NULL),
(1072, NULL, 4, 3, 'ADMIN', NULL, '2024-04-22', NULL),
(1073, NULL, 4, 3, 'ADMIN', NULL, '2024-04-24', NULL),
(1074, NULL, 4, 3, 'ADMIN', NULL, '2024-05-01', NULL),
(1075, NULL, 4, 3, 'ADMIN', NULL, '2024-05-06', NULL),
(1076, NULL, 4, 3, 'ADMIN', NULL, '2024-05-08', NULL),
(1077, NULL, 4, 3, 'ADMIN', NULL, '2024-05-13', NULL),
(1078, NULL, 4, 3, 'ADMIN', NULL, '2024-05-15', NULL),
(1079, NULL, 4, 3, 'ADMIN', NULL, '2024-05-20', NULL),
(1080, NULL, 4, 3, 'ADMIN', NULL, '2024-05-22', NULL),
(1081, NULL, 5, 3, 'ADMIN', NULL, '2024-01-22', NULL),
(1082, NULL, 5, 3, 'ADMIN', NULL, '2024-01-24', NULL),
(1083, NULL, 5, 3, 'ADMIN', NULL, '2024-01-29', NULL),
(1084, NULL, 5, 3, 'ADMIN', NULL, '2024-01-31', NULL),
(1085, NULL, 5, 3, 'ADMIN', NULL, '2024-02-05', NULL),
(1086, NULL, 5, 3, 'ADMIN', NULL, '2024-02-07', NULL),
(1087, NULL, 5, 3, 'ADMIN', NULL, '2024-02-12', NULL),
(1088, NULL, 5, 3, 'ADMIN', NULL, '2024-02-14', NULL),
(1089, NULL, 5, 3, 'ADMIN', NULL, '2024-02-19', NULL),
(1090, NULL, 5, 3, 'ADMIN', NULL, '2024-02-21', NULL),
(1091, NULL, 5, 3, 'ADMIN', NULL, '2024-02-26', NULL),
(1092, NULL, 5, 3, 'ADMIN', NULL, '2024-02-28', NULL),
(1093, NULL, 5, 3, 'ADMIN', NULL, '2024-03-04', NULL),
(1094, NULL, 5, 3, 'ADMIN', NULL, '2024-03-06', NULL),
(1095, NULL, 5, 3, 'ADMIN', NULL, '2024-03-11', NULL),
(1096, NULL, 5, 3, 'ADMIN', NULL, '2024-03-13', NULL),
(1097, NULL, 5, 3, 'ADMIN', NULL, '2024-03-18', NULL),
(1098, NULL, 5, 3, 'ADMIN', NULL, '2024-03-20', NULL),
(1099, NULL, 5, 3, 'ADMIN', NULL, '2024-03-25', NULL),
(1100, NULL, 5, 3, 'ADMIN', NULL, '2024-03-27', NULL),
(1101, NULL, 5, 3, 'ADMIN', NULL, '2024-04-01', NULL),
(1102, NULL, 5, 3, 'ADMIN', NULL, '2024-04-03', NULL),
(1103, NULL, 5, 3, 'ADMIN', NULL, '2024-04-08', NULL),
(1104, NULL, 5, 3, 'ADMIN', NULL, '2024-04-10', NULL),
(1105, NULL, 5, 3, 'ADMIN', NULL, '2024-04-15', NULL),
(1106, NULL, 5, 3, 'ADMIN', NULL, '2024-04-17', NULL),
(1107, NULL, 5, 3, 'ADMIN', NULL, '2024-04-22', NULL),
(1108, NULL, 5, 3, 'ADMIN', NULL, '2024-04-24', NULL),
(1109, NULL, 5, 3, 'ADMIN', NULL, '2024-05-01', NULL),
(1110, NULL, 5, 3, 'ADMIN', NULL, '2024-05-06', NULL),
(1111, NULL, 5, 3, 'ADMIN', NULL, '2024-05-08', NULL),
(1112, NULL, 5, 3, 'ADMIN', NULL, '2024-05-13', NULL),
(1113, NULL, 5, 3, 'ADMIN', NULL, '2024-05-15', NULL),
(1114, NULL, 5, 3, 'ADMIN', NULL, '2024-05-20', NULL),
(1115, NULL, 5, 3, 'ADMIN', NULL, '2024-05-22', NULL),
(1116, NULL, 6, 3, 'ADMIN', NULL, '2024-01-22', NULL),
(1117, NULL, 6, 3, 'ADMIN', NULL, '2024-01-24', NULL),
(1118, NULL, 6, 3, 'ADMIN', NULL, '2024-01-29', NULL),
(1119, NULL, 6, 3, 'ADMIN', NULL, '2024-01-31', NULL),
(1120, NULL, 6, 3, 'ADMIN', NULL, '2024-02-05', NULL),
(1121, NULL, 6, 3, 'ADMIN', NULL, '2024-02-07', NULL),
(1122, NULL, 6, 3, 'ADMIN', NULL, '2024-02-12', NULL),
(1123, NULL, 6, 3, 'ADMIN', NULL, '2024-02-14', NULL),
(1124, NULL, 6, 3, 'ADMIN', NULL, '2024-02-19', NULL),
(1125, NULL, 6, 3, 'ADMIN', NULL, '2024-02-21', NULL),
(1126, NULL, 6, 3, 'ADMIN', NULL, '2024-02-26', NULL),
(1127, NULL, 6, 3, 'ADMIN', NULL, '2024-02-28', NULL),
(1128, NULL, 6, 3, 'ADMIN', NULL, '2024-03-04', NULL),
(1129, NULL, 6, 3, 'ADMIN', NULL, '2024-03-06', NULL),
(1130, NULL, 6, 3, 'ADMIN', NULL, '2024-03-11', NULL),
(1131, NULL, 6, 3, 'ADMIN', NULL, '2024-03-13', NULL),
(1132, NULL, 6, 3, 'ADMIN', NULL, '2024-03-18', NULL),
(1133, NULL, 6, 3, 'ADMIN', NULL, '2024-03-20', NULL),
(1134, NULL, 6, 3, 'ADMIN', NULL, '2024-03-25', NULL),
(1135, NULL, 6, 3, 'ADMIN', NULL, '2024-03-27', NULL),
(1136, NULL, 6, 3, 'ADMIN', NULL, '2024-04-01', NULL),
(1137, NULL, 6, 3, 'ADMIN', NULL, '2024-04-03', NULL),
(1138, NULL, 6, 3, 'ADMIN', NULL, '2024-04-08', NULL),
(1139, NULL, 6, 3, 'ADMIN', NULL, '2024-04-10', NULL),
(1140, NULL, 6, 3, 'ADMIN', NULL, '2024-04-15', NULL),
(1141, NULL, 6, 3, 'ADMIN', NULL, '2024-04-17', NULL),
(1142, NULL, 6, 3, 'ADMIN', NULL, '2024-04-22', NULL),
(1143, NULL, 6, 3, 'ADMIN', NULL, '2024-04-24', NULL),
(1144, NULL, 6, 3, 'ADMIN', NULL, '2024-05-01', NULL),
(1145, NULL, 6, 3, 'ADMIN', NULL, '2024-05-06', NULL),
(1146, NULL, 6, 3, 'ADMIN', NULL, '2024-05-08', NULL),
(1147, NULL, 6, 3, 'ADMIN', NULL, '2024-05-13', NULL),
(1148, NULL, 6, 3, 'ADMIN', NULL, '2024-05-15', NULL),
(1149, NULL, 6, 3, 'ADMIN', NULL, '2024-05-20', NULL),
(1150, NULL, 6, 3, 'ADMIN', NULL, '2024-05-22', NULL),
(1361, NULL, 1, 6, 'ADMIN', NULL, '2024-01-23', NULL),
(1362, NULL, 1, 6, 'ADMIN', NULL, '2024-01-25', NULL),
(1363, NULL, 1, 6, 'ADMIN', NULL, '2024-01-30', NULL),
(1364, NULL, 1, 6, 'ADMIN', NULL, '2024-02-01', NULL),
(1365, NULL, 1, 6, 'ADMIN', NULL, '2024-02-06', NULL),
(1366, NULL, 1, 6, 'ADMIN', NULL, '2024-02-08', NULL),
(1367, NULL, 1, 6, 'ADMIN', NULL, '2024-02-13', NULL),
(1368, NULL, 1, 6, 'ADMIN', NULL, '2024-02-15', NULL),
(1369, NULL, 1, 6, 'ADMIN', NULL, '2024-02-20', NULL),
(1370, NULL, 1, 6, 'ADMIN', NULL, '2024-02-22', NULL),
(1371, NULL, 1, 6, 'ADMIN', NULL, '2024-02-27', NULL),
(1372, NULL, 1, 6, 'ADMIN', NULL, '2024-02-29', NULL),
(1373, NULL, 1, 6, 'ADMIN', NULL, '2024-03-05', NULL),
(1374, NULL, 1, 6, 'ADMIN', NULL, '2024-03-07', NULL),
(1375, NULL, 1, 6, 'ADMIN', NULL, '2024-03-12', NULL),
(1376, NULL, 1, 6, 'ADMIN', NULL, '2024-03-14', NULL),
(1377, NULL, 1, 6, 'ADMIN', NULL, '2024-03-19', NULL),
(1378, NULL, 1, 6, 'ADMIN', NULL, '2024-03-21', NULL),
(1379, NULL, 1, 6, 'ADMIN', NULL, '2024-03-26', NULL),
(1380, NULL, 1, 6, 'ADMIN', NULL, '2024-03-28', NULL),
(1381, NULL, 1, 6, 'ADMIN', NULL, '2024-04-02', NULL),
(1382, NULL, 1, 6, 'ADMIN', NULL, '2024-04-04', NULL),
(1383, NULL, 1, 6, 'ADMIN', NULL, '2024-04-09', NULL),
(1384, NULL, 1, 6, 'ADMIN', NULL, '2024-04-11', NULL),
(1385, NULL, 1, 6, 'ADMIN', NULL, '2024-04-16', NULL),
(1386, NULL, 1, 6, 'ADMIN', NULL, '2024-04-18', NULL),
(1387, NULL, 1, 6, 'ADMIN', NULL, '2024-04-23', NULL),
(1388, NULL, 1, 6, 'ADMIN', NULL, '2024-04-25', NULL),
(1389, NULL, 1, 6, 'ADMIN', NULL, '2024-04-30', NULL),
(1390, NULL, 1, 6, 'ADMIN', NULL, '2024-05-02', NULL),
(1391, NULL, 1, 6, 'ADMIN', NULL, '2024-05-07', NULL),
(1392, NULL, 1, 6, 'ADMIN', NULL, '2024-05-09', NULL),
(1393, NULL, 1, 6, 'ADMIN', NULL, '2024-05-14', NULL),
(1394, NULL, 1, 6, 'ADMIN', NULL, '2024-05-16', NULL),
(1395, NULL, 1, 6, 'ADMIN', NULL, '2024-05-21', NULL),
(1396, NULL, 2, 6, 'ADMIN', NULL, '2024-01-23', NULL),
(1397, NULL, 2, 6, 'ADMIN', NULL, '2024-01-25', NULL),
(1398, NULL, 2, 6, 'ADMIN', NULL, '2024-01-30', NULL),
(1399, NULL, 2, 6, 'ADMIN', NULL, '2024-02-01', NULL),
(1400, NULL, 2, 6, 'ADMIN', NULL, '2024-02-06', NULL),
(1401, NULL, 2, 6, 'ADMIN', NULL, '2024-02-08', NULL),
(1402, NULL, 2, 6, 'ADMIN', NULL, '2024-02-13', NULL),
(1403, NULL, 2, 6, 'ADMIN', NULL, '2024-02-15', NULL),
(1404, NULL, 2, 6, 'ADMIN', NULL, '2024-02-20', NULL),
(1405, NULL, 2, 6, 'ADMIN', NULL, '2024-02-22', NULL),
(1406, NULL, 2, 6, 'ADMIN', NULL, '2024-02-27', NULL),
(1407, NULL, 2, 6, 'ADMIN', NULL, '2024-02-29', NULL),
(1408, NULL, 2, 6, 'ADMIN', NULL, '2024-03-05', NULL),
(1409, NULL, 2, 6, 'ADMIN', NULL, '2024-03-07', NULL),
(1410, NULL, 2, 6, 'ADMIN', NULL, '2024-03-12', NULL),
(1411, NULL, 2, 6, 'ADMIN', NULL, '2024-03-14', NULL),
(1412, NULL, 2, 6, 'ADMIN', NULL, '2024-03-19', NULL),
(1413, NULL, 2, 6, 'ADMIN', NULL, '2024-03-21', NULL),
(1414, NULL, 2, 6, 'ADMIN', NULL, '2024-03-26', NULL),
(1415, NULL, 2, 6, 'ADMIN', NULL, '2024-03-28', NULL),
(1416, NULL, 2, 6, 'ADMIN', NULL, '2024-04-02', NULL),
(1417, NULL, 2, 6, 'ADMIN', NULL, '2024-04-04', NULL),
(1418, NULL, 2, 6, 'ADMIN', NULL, '2024-04-09', NULL),
(1419, NULL, 2, 6, 'ADMIN', NULL, '2024-04-11', NULL),
(1420, NULL, 2, 6, 'ADMIN', NULL, '2024-04-16', NULL),
(1421, NULL, 2, 6, 'ADMIN', NULL, '2024-04-18', NULL),
(1422, NULL, 2, 6, 'ADMIN', NULL, '2024-04-23', NULL),
(1423, NULL, 2, 6, 'ADMIN', NULL, '2024-04-25', NULL),
(1424, NULL, 2, 6, 'ADMIN', NULL, '2024-04-30', NULL),
(1425, NULL, 2, 6, 'ADMIN', NULL, '2024-05-02', NULL),
(1426, NULL, 2, 6, 'ADMIN', NULL, '2024-05-07', NULL),
(1427, NULL, 2, 6, 'ADMIN', NULL, '2024-05-09', NULL),
(1428, NULL, 2, 6, 'ADMIN', NULL, '2024-05-14', NULL),
(1429, NULL, 2, 6, 'ADMIN', NULL, '2024-05-16', NULL),
(1430, NULL, 2, 6, 'ADMIN', NULL, '2024-05-21', NULL),
(1431, NULL, 3, 6, 'ADMIN', NULL, '2024-01-23', NULL),
(1432, NULL, 3, 6, 'ADMIN', NULL, '2024-01-25', NULL),
(1433, NULL, 3, 6, 'ADMIN', NULL, '2024-01-30', NULL),
(1434, NULL, 3, 6, 'ADMIN', NULL, '2024-02-01', NULL),
(1435, NULL, 3, 6, 'ADMIN', NULL, '2024-02-06', NULL),
(1436, NULL, 3, 6, 'ADMIN', NULL, '2024-02-08', NULL),
(1437, NULL, 3, 6, 'ADMIN', NULL, '2024-02-13', NULL),
(1438, NULL, 3, 6, 'ADMIN', NULL, '2024-02-15', NULL),
(1439, NULL, 3, 6, 'ADMIN', NULL, '2024-02-20', NULL),
(1440, NULL, 3, 6, 'ADMIN', NULL, '2024-02-22', NULL),
(1441, NULL, 3, 6, 'ADMIN', NULL, '2024-02-27', NULL),
(1442, NULL, 3, 6, 'ADMIN', NULL, '2024-02-29', NULL),
(1443, NULL, 3, 6, 'ADMIN', NULL, '2024-03-05', NULL),
(1444, NULL, 3, 6, 'ADMIN', NULL, '2024-03-07', NULL),
(1445, NULL, 3, 6, 'ADMIN', NULL, '2024-03-12', NULL),
(1446, NULL, 3, 6, 'ADMIN', NULL, '2024-03-14', NULL),
(1447, NULL, 3, 6, 'ADMIN', NULL, '2024-03-19', NULL),
(1448, NULL, 3, 6, 'ADMIN', NULL, '2024-03-21', NULL),
(1449, NULL, 3, 6, 'ADMIN', NULL, '2024-03-26', NULL),
(1450, NULL, 3, 6, 'ADMIN', NULL, '2024-03-28', NULL),
(1451, NULL, 3, 6, 'ADMIN', NULL, '2024-04-02', NULL),
(1452, NULL, 3, 6, 'ADMIN', NULL, '2024-04-04', NULL),
(1453, NULL, 3, 6, 'ADMIN', NULL, '2024-04-09', NULL),
(1454, NULL, 3, 6, 'ADMIN', NULL, '2024-04-11', NULL),
(1455, NULL, 3, 6, 'ADMIN', NULL, '2024-04-16', NULL),
(1456, NULL, 3, 6, 'ADMIN', NULL, '2024-04-18', NULL),
(1457, NULL, 3, 6, 'ADMIN', NULL, '2024-04-23', NULL),
(1458, NULL, 3, 6, 'ADMIN', NULL, '2024-04-25', NULL),
(1459, NULL, 3, 6, 'ADMIN', NULL, '2024-04-30', NULL),
(1460, NULL, 3, 6, 'ADMIN', NULL, '2024-05-02', NULL),
(1461, NULL, 3, 6, 'ADMIN', NULL, '2024-05-07', NULL),
(1462, NULL, 3, 6, 'ADMIN', NULL, '2024-05-09', NULL),
(1463, NULL, 3, 6, 'ADMIN', NULL, '2024-05-14', NULL),
(1464, NULL, 3, 6, 'ADMIN', NULL, '2024-05-16', NULL),
(1465, NULL, 3, 6, 'ADMIN', NULL, '2024-05-21', NULL),
(1466, NULL, 4, 6, 'ADMIN', NULL, '2024-01-23', NULL),
(1467, NULL, 4, 6, 'ADMIN', NULL, '2024-01-25', NULL),
(1468, NULL, 4, 6, 'ADMIN', NULL, '2024-01-30', NULL),
(1469, NULL, 4, 6, 'ADMIN', NULL, '2024-02-01', NULL),
(1470, NULL, 4, 6, 'ADMIN', NULL, '2024-02-06', NULL),
(1471, NULL, 4, 6, 'ADMIN', NULL, '2024-02-08', NULL),
(1472, NULL, 4, 6, 'ADMIN', NULL, '2024-02-13', NULL),
(1473, NULL, 4, 6, 'ADMIN', NULL, '2024-02-15', NULL);
INSERT INTO `asistencia` (`id`, `asistencia`, `alumno_id`, `materia_id`, `usuario_alta`, `usuario_actualizacion`, `fecha_alta`, `fecha_actualizacion`) VALUES
(1474, NULL, 4, 6, 'ADMIN', NULL, '2024-02-20', NULL),
(1475, NULL, 4, 6, 'ADMIN', NULL, '2024-02-22', NULL),
(1476, NULL, 4, 6, 'ADMIN', NULL, '2024-02-27', NULL),
(1477, NULL, 4, 6, 'ADMIN', NULL, '2024-02-29', NULL),
(1478, NULL, 4, 6, 'ADMIN', NULL, '2024-03-05', NULL),
(1479, NULL, 4, 6, 'ADMIN', NULL, '2024-03-07', NULL),
(1480, NULL, 4, 6, 'ADMIN', NULL, '2024-03-12', NULL),
(1481, NULL, 4, 6, 'ADMIN', NULL, '2024-03-14', NULL),
(1482, NULL, 4, 6, 'ADMIN', NULL, '2024-03-19', NULL),
(1483, NULL, 4, 6, 'ADMIN', NULL, '2024-03-21', NULL),
(1484, NULL, 4, 6, 'ADMIN', NULL, '2024-03-26', NULL),
(1485, NULL, 4, 6, 'ADMIN', NULL, '2024-03-28', NULL),
(1486, NULL, 4, 6, 'ADMIN', NULL, '2024-04-02', NULL),
(1487, NULL, 4, 6, 'ADMIN', NULL, '2024-04-04', NULL),
(1488, NULL, 4, 6, 'ADMIN', NULL, '2024-04-09', NULL),
(1489, NULL, 4, 6, 'ADMIN', NULL, '2024-04-11', NULL),
(1490, NULL, 4, 6, 'ADMIN', NULL, '2024-04-16', NULL),
(1491, NULL, 4, 6, 'ADMIN', NULL, '2024-04-18', NULL),
(1492, NULL, 4, 6, 'ADMIN', NULL, '2024-04-23', NULL),
(1493, NULL, 4, 6, 'ADMIN', NULL, '2024-04-25', NULL),
(1494, NULL, 4, 6, 'ADMIN', NULL, '2024-04-30', NULL),
(1495, NULL, 4, 6, 'ADMIN', NULL, '2024-05-02', NULL),
(1496, NULL, 4, 6, 'ADMIN', NULL, '2024-05-07', NULL),
(1497, NULL, 4, 6, 'ADMIN', NULL, '2024-05-09', NULL),
(1498, NULL, 4, 6, 'ADMIN', NULL, '2024-05-14', NULL),
(1499, NULL, 4, 6, 'ADMIN', NULL, '2024-05-16', NULL),
(1500, NULL, 4, 6, 'ADMIN', NULL, '2024-05-21', NULL),
(1501, NULL, 5, 6, 'ADMIN', NULL, '2024-01-23', NULL),
(1502, NULL, 5, 6, 'ADMIN', NULL, '2024-01-25', NULL),
(1503, NULL, 5, 6, 'ADMIN', NULL, '2024-01-30', NULL),
(1504, NULL, 5, 6, 'ADMIN', NULL, '2024-02-01', NULL),
(1505, NULL, 5, 6, 'ADMIN', NULL, '2024-02-06', NULL),
(1506, NULL, 5, 6, 'ADMIN', NULL, '2024-02-08', NULL),
(1507, NULL, 5, 6, 'ADMIN', NULL, '2024-02-13', NULL),
(1508, NULL, 5, 6, 'ADMIN', NULL, '2024-02-15', NULL),
(1509, NULL, 5, 6, 'ADMIN', NULL, '2024-02-20', NULL),
(1510, NULL, 5, 6, 'ADMIN', NULL, '2024-02-22', NULL),
(1511, NULL, 5, 6, 'ADMIN', NULL, '2024-02-27', NULL),
(1512, NULL, 5, 6, 'ADMIN', NULL, '2024-02-29', NULL),
(1513, NULL, 5, 6, 'ADMIN', NULL, '2024-03-05', NULL),
(1514, NULL, 5, 6, 'ADMIN', NULL, '2024-03-07', NULL),
(1515, NULL, 5, 6, 'ADMIN', NULL, '2024-03-12', NULL),
(1516, NULL, 5, 6, 'ADMIN', NULL, '2024-03-14', NULL),
(1517, NULL, 5, 6, 'ADMIN', NULL, '2024-03-19', NULL),
(1518, NULL, 5, 6, 'ADMIN', NULL, '2024-03-21', NULL),
(1519, NULL, 5, 6, 'ADMIN', NULL, '2024-03-26', NULL),
(1520, NULL, 5, 6, 'ADMIN', NULL, '2024-03-28', NULL),
(1521, NULL, 5, 6, 'ADMIN', NULL, '2024-04-02', NULL),
(1522, NULL, 5, 6, 'ADMIN', NULL, '2024-04-04', NULL),
(1523, NULL, 5, 6, 'ADMIN', NULL, '2024-04-09', NULL),
(1524, NULL, 5, 6, 'ADMIN', NULL, '2024-04-11', NULL),
(1525, NULL, 5, 6, 'ADMIN', NULL, '2024-04-16', NULL),
(1526, NULL, 5, 6, 'ADMIN', NULL, '2024-04-18', NULL),
(1527, NULL, 5, 6, 'ADMIN', NULL, '2024-04-23', NULL),
(1528, NULL, 5, 6, 'ADMIN', NULL, '2024-04-25', NULL),
(1529, NULL, 5, 6, 'ADMIN', NULL, '2024-04-30', NULL),
(1530, NULL, 5, 6, 'ADMIN', NULL, '2024-05-02', NULL),
(1531, NULL, 5, 6, 'ADMIN', NULL, '2024-05-07', NULL),
(1532, NULL, 5, 6, 'ADMIN', NULL, '2024-05-09', NULL),
(1533, NULL, 5, 6, 'ADMIN', NULL, '2024-05-14', NULL),
(1534, NULL, 5, 6, 'ADMIN', NULL, '2024-05-16', NULL),
(1535, NULL, 5, 6, 'ADMIN', NULL, '2024-05-21', NULL),
(1536, NULL, 6, 6, 'ADMIN', NULL, '2024-01-23', NULL),
(1537, NULL, 6, 6, 'ADMIN', NULL, '2024-01-25', NULL),
(1538, NULL, 6, 6, 'ADMIN', NULL, '2024-01-30', NULL),
(1539, NULL, 6, 6, 'ADMIN', NULL, '2024-02-01', NULL),
(1540, NULL, 6, 6, 'ADMIN', NULL, '2024-02-06', NULL),
(1541, NULL, 6, 6, 'ADMIN', NULL, '2024-02-08', NULL),
(1542, NULL, 6, 6, 'ADMIN', NULL, '2024-02-13', NULL),
(1543, NULL, 6, 6, 'ADMIN', NULL, '2024-02-15', NULL),
(1544, NULL, 6, 6, 'ADMIN', NULL, '2024-02-20', NULL),
(1545, NULL, 6, 6, 'ADMIN', NULL, '2024-02-22', NULL),
(1546, NULL, 6, 6, 'ADMIN', NULL, '2024-02-27', NULL),
(1547, NULL, 6, 6, 'ADMIN', NULL, '2024-02-29', NULL),
(1548, NULL, 6, 6, 'ADMIN', NULL, '2024-03-05', NULL),
(1549, NULL, 6, 6, 'ADMIN', NULL, '2024-03-07', NULL),
(1550, NULL, 6, 6, 'ADMIN', NULL, '2024-03-12', NULL),
(1551, NULL, 6, 6, 'ADMIN', NULL, '2024-03-14', NULL),
(1552, NULL, 6, 6, 'ADMIN', NULL, '2024-03-19', NULL),
(1553, NULL, 6, 6, 'ADMIN', NULL, '2024-03-21', NULL),
(1554, NULL, 6, 6, 'ADMIN', NULL, '2024-03-26', NULL),
(1555, NULL, 6, 6, 'ADMIN', NULL, '2024-03-28', NULL),
(1556, NULL, 6, 6, 'ADMIN', NULL, '2024-04-02', NULL),
(1557, NULL, 6, 6, 'ADMIN', NULL, '2024-04-04', NULL),
(1558, NULL, 6, 6, 'ADMIN', NULL, '2024-04-09', NULL),
(1559, NULL, 6, 6, 'ADMIN', NULL, '2024-04-11', NULL),
(1560, NULL, 6, 6, 'ADMIN', NULL, '2024-04-16', NULL),
(1561, NULL, 6, 6, 'ADMIN', NULL, '2024-04-18', NULL),
(1562, NULL, 6, 6, 'ADMIN', NULL, '2024-04-23', NULL),
(1563, NULL, 6, 6, 'ADMIN', NULL, '2024-04-25', NULL),
(1564, NULL, 6, 6, 'ADMIN', NULL, '2024-04-30', NULL),
(1565, NULL, 6, 6, 'ADMIN', NULL, '2024-05-02', NULL),
(1566, NULL, 6, 6, 'ADMIN', NULL, '2024-05-07', NULL),
(1567, NULL, 6, 6, 'ADMIN', NULL, '2024-05-09', NULL),
(1568, NULL, 6, 6, 'ADMIN', NULL, '2024-05-14', NULL),
(1569, NULL, 6, 6, 'ADMIN', NULL, '2024-05-16', NULL),
(1570, NULL, 6, 6, 'ADMIN', NULL, '2024-05-21', NULL),
(1571, NULL, 1, 5, 'ADMIN', NULL, '2024-01-22', NULL),
(1572, NULL, 1, 5, 'ADMIN', NULL, '2024-01-25', NULL),
(1573, NULL, 1, 5, 'ADMIN', NULL, '2024-01-29', NULL),
(1574, NULL, 1, 5, 'ADMIN', NULL, '2024-02-01', NULL),
(1575, NULL, 1, 5, 'ADMIN', NULL, '2024-02-05', NULL),
(1576, NULL, 1, 5, 'ADMIN', NULL, '2024-02-08', NULL),
(1577, NULL, 1, 5, 'ADMIN', NULL, '2024-02-12', NULL),
(1578, NULL, 1, 5, 'ADMIN', NULL, '2024-02-15', NULL),
(1579, NULL, 1, 5, 'ADMIN', NULL, '2024-02-19', NULL),
(1580, NULL, 1, 5, 'ADMIN', NULL, '2024-02-22', NULL),
(1581, NULL, 1, 5, 'ADMIN', NULL, '2024-02-26', NULL),
(1582, NULL, 1, 5, 'ADMIN', NULL, '2024-02-29', NULL),
(1583, NULL, 1, 5, 'ADMIN', NULL, '2024-03-04', NULL),
(1584, NULL, 1, 5, 'ADMIN', NULL, '2024-03-07', NULL),
(1585, NULL, 1, 5, 'ADMIN', NULL, '2024-03-11', NULL),
(1586, NULL, 1, 5, 'ADMIN', NULL, '2024-03-14', NULL),
(1587, NULL, 1, 5, 'ADMIN', NULL, '2024-03-18', NULL),
(1588, NULL, 1, 5, 'ADMIN', NULL, '2024-03-21', NULL),
(1589, NULL, 1, 5, 'ADMIN', NULL, '2024-03-25', NULL),
(1590, NULL, 1, 5, 'ADMIN', NULL, '2024-03-28', NULL),
(1591, NULL, 1, 5, 'ADMIN', NULL, '2024-04-01', NULL),
(1592, NULL, 1, 5, 'ADMIN', NULL, '2024-04-04', NULL),
(1593, NULL, 1, 5, 'ADMIN', NULL, '2024-04-08', NULL),
(1594, NULL, 1, 5, 'ADMIN', NULL, '2024-04-11', NULL),
(1595, NULL, 1, 5, 'ADMIN', NULL, '2024-04-15', NULL),
(1596, NULL, 1, 5, 'ADMIN', NULL, '2024-04-18', NULL),
(1597, NULL, 1, 5, 'ADMIN', NULL, '2024-04-22', NULL),
(1598, NULL, 1, 5, 'ADMIN', NULL, '2024-04-25', NULL),
(1599, NULL, 1, 5, 'ADMIN', NULL, '2024-04-29', NULL),
(1600, NULL, 1, 5, 'ADMIN', NULL, '2024-05-02', NULL),
(1601, NULL, 1, 5, 'ADMIN', NULL, '2024-05-06', NULL),
(1602, NULL, 1, 5, 'ADMIN', NULL, '2024-05-09', NULL),
(1603, NULL, 1, 5, 'ADMIN', NULL, '2024-05-13', NULL),
(1604, NULL, 1, 5, 'ADMIN', NULL, '2024-05-16', NULL),
(1605, NULL, 1, 5, 'ADMIN', NULL, '2024-05-20', NULL),
(1606, NULL, 2, 5, 'ADMIN', NULL, '2024-01-22', NULL),
(1607, NULL, 2, 5, 'ADMIN', NULL, '2024-01-25', NULL),
(1608, NULL, 2, 5, 'ADMIN', NULL, '2024-01-29', NULL),
(1609, NULL, 2, 5, 'ADMIN', NULL, '2024-02-01', NULL),
(1610, NULL, 2, 5, 'ADMIN', NULL, '2024-02-05', NULL),
(1611, NULL, 2, 5, 'ADMIN', NULL, '2024-02-08', NULL),
(1612, NULL, 2, 5, 'ADMIN', NULL, '2024-02-12', NULL),
(1613, NULL, 2, 5, 'ADMIN', NULL, '2024-02-15', NULL),
(1614, NULL, 2, 5, 'ADMIN', NULL, '2024-02-19', NULL),
(1615, NULL, 2, 5, 'ADMIN', NULL, '2024-02-22', NULL),
(1616, NULL, 2, 5, 'ADMIN', NULL, '2024-02-26', NULL),
(1617, NULL, 2, 5, 'ADMIN', NULL, '2024-02-29', NULL),
(1618, NULL, 2, 5, 'ADMIN', NULL, '2024-03-04', NULL),
(1619, NULL, 2, 5, 'ADMIN', NULL, '2024-03-07', NULL),
(1620, NULL, 2, 5, 'ADMIN', NULL, '2024-03-11', NULL),
(1621, NULL, 2, 5, 'ADMIN', NULL, '2024-03-14', NULL),
(1622, NULL, 2, 5, 'ADMIN', NULL, '2024-03-18', NULL),
(1623, NULL, 2, 5, 'ADMIN', NULL, '2024-03-21', NULL),
(1624, NULL, 2, 5, 'ADMIN', NULL, '2024-03-25', NULL),
(1625, NULL, 2, 5, 'ADMIN', NULL, '2024-03-28', NULL),
(1626, NULL, 2, 5, 'ADMIN', NULL, '2024-04-01', NULL),
(1627, NULL, 2, 5, 'ADMIN', NULL, '2024-04-04', NULL),
(1628, NULL, 2, 5, 'ADMIN', NULL, '2024-04-08', NULL),
(1629, NULL, 2, 5, 'ADMIN', NULL, '2024-04-11', NULL),
(1630, NULL, 2, 5, 'ADMIN', NULL, '2024-04-15', NULL),
(1631, NULL, 2, 5, 'ADMIN', NULL, '2024-04-18', NULL),
(1632, NULL, 2, 5, 'ADMIN', NULL, '2024-04-22', NULL),
(1633, NULL, 2, 5, 'ADMIN', NULL, '2024-04-25', NULL),
(1634, NULL, 2, 5, 'ADMIN', NULL, '2024-04-29', NULL),
(1635, NULL, 2, 5, 'ADMIN', NULL, '2024-05-02', NULL),
(1636, NULL, 2, 5, 'ADMIN', NULL, '2024-05-06', NULL),
(1637, NULL, 2, 5, 'ADMIN', NULL, '2024-05-09', NULL),
(1638, NULL, 2, 5, 'ADMIN', NULL, '2024-05-13', NULL),
(1639, NULL, 2, 5, 'ADMIN', NULL, '2024-05-16', NULL),
(1640, NULL, 2, 5, 'ADMIN', NULL, '2024-05-20', NULL),
(1641, NULL, 3, 5, 'ADMIN', NULL, '2024-01-22', NULL),
(1642, NULL, 3, 5, 'ADMIN', NULL, '2024-01-25', NULL),
(1643, NULL, 3, 5, 'ADMIN', NULL, '2024-01-29', NULL),
(1644, NULL, 3, 5, 'ADMIN', NULL, '2024-02-01', NULL),
(1645, NULL, 3, 5, 'ADMIN', NULL, '2024-02-05', NULL),
(1646, NULL, 3, 5, 'ADMIN', NULL, '2024-02-08', NULL),
(1647, NULL, 3, 5, 'ADMIN', NULL, '2024-02-12', NULL),
(1648, NULL, 3, 5, 'ADMIN', NULL, '2024-02-15', NULL),
(1649, NULL, 3, 5, 'ADMIN', NULL, '2024-02-19', NULL),
(1650, NULL, 3, 5, 'ADMIN', NULL, '2024-02-22', NULL),
(1651, NULL, 3, 5, 'ADMIN', NULL, '2024-02-26', NULL),
(1652, NULL, 3, 5, 'ADMIN', NULL, '2024-02-29', NULL),
(1653, NULL, 3, 5, 'ADMIN', NULL, '2024-03-04', NULL),
(1654, NULL, 3, 5, 'ADMIN', NULL, '2024-03-07', NULL),
(1655, NULL, 3, 5, 'ADMIN', NULL, '2024-03-11', NULL),
(1656, NULL, 3, 5, 'ADMIN', NULL, '2024-03-14', NULL),
(1657, NULL, 3, 5, 'ADMIN', NULL, '2024-03-18', NULL),
(1658, NULL, 3, 5, 'ADMIN', NULL, '2024-03-21', NULL),
(1659, NULL, 3, 5, 'ADMIN', NULL, '2024-03-25', NULL),
(1660, NULL, 3, 5, 'ADMIN', NULL, '2024-03-28', NULL),
(1661, NULL, 3, 5, 'ADMIN', NULL, '2024-04-01', NULL),
(1662, NULL, 3, 5, 'ADMIN', NULL, '2024-04-04', NULL),
(1663, NULL, 3, 5, 'ADMIN', NULL, '2024-04-08', NULL),
(1664, NULL, 3, 5, 'ADMIN', NULL, '2024-04-11', NULL),
(1665, NULL, 3, 5, 'ADMIN', NULL, '2024-04-15', NULL),
(1666, NULL, 3, 5, 'ADMIN', NULL, '2024-04-18', NULL),
(1667, NULL, 3, 5, 'ADMIN', NULL, '2024-04-22', NULL),
(1668, NULL, 3, 5, 'ADMIN', NULL, '2024-04-25', NULL),
(1669, NULL, 3, 5, 'ADMIN', NULL, '2024-04-29', NULL),
(1670, NULL, 3, 5, 'ADMIN', NULL, '2024-05-02', NULL),
(1671, NULL, 3, 5, 'ADMIN', NULL, '2024-05-06', NULL),
(1672, NULL, 3, 5, 'ADMIN', NULL, '2024-05-09', NULL),
(1673, NULL, 3, 5, 'ADMIN', NULL, '2024-05-13', NULL),
(1674, NULL, 3, 5, 'ADMIN', NULL, '2024-05-16', NULL),
(1675, NULL, 3, 5, 'ADMIN', NULL, '2024-05-20', NULL),
(1676, NULL, 4, 5, 'ADMIN', NULL, '2024-01-22', NULL),
(1677, NULL, 4, 5, 'ADMIN', NULL, '2024-01-25', NULL),
(1678, NULL, 4, 5, 'ADMIN', NULL, '2024-01-29', NULL),
(1679, NULL, 4, 5, 'ADMIN', NULL, '2024-02-01', NULL),
(1680, NULL, 4, 5, 'ADMIN', NULL, '2024-02-05', NULL),
(1681, NULL, 4, 5, 'ADMIN', NULL, '2024-02-08', NULL),
(1682, NULL, 4, 5, 'ADMIN', NULL, '2024-02-12', NULL),
(1683, NULL, 4, 5, 'ADMIN', NULL, '2024-02-15', NULL),
(1684, NULL, 4, 5, 'ADMIN', NULL, '2024-02-19', NULL),
(1685, NULL, 4, 5, 'ADMIN', NULL, '2024-02-22', NULL),
(1686, NULL, 4, 5, 'ADMIN', NULL, '2024-02-26', NULL),
(1687, NULL, 4, 5, 'ADMIN', NULL, '2024-02-29', NULL),
(1688, NULL, 4, 5, 'ADMIN', NULL, '2024-03-04', NULL),
(1689, NULL, 4, 5, 'ADMIN', NULL, '2024-03-07', NULL),
(1690, NULL, 4, 5, 'ADMIN', NULL, '2024-03-11', NULL),
(1691, NULL, 4, 5, 'ADMIN', NULL, '2024-03-14', NULL),
(1692, NULL, 4, 5, 'ADMIN', NULL, '2024-03-18', NULL),
(1693, NULL, 4, 5, 'ADMIN', NULL, '2024-03-21', NULL),
(1694, NULL, 4, 5, 'ADMIN', NULL, '2024-03-25', NULL),
(1695, NULL, 4, 5, 'ADMIN', NULL, '2024-03-28', NULL),
(1696, NULL, 4, 5, 'ADMIN', NULL, '2024-04-01', NULL),
(1697, NULL, 4, 5, 'ADMIN', NULL, '2024-04-04', NULL),
(1698, NULL, 4, 5, 'ADMIN', NULL, '2024-04-08', NULL),
(1699, NULL, 4, 5, 'ADMIN', NULL, '2024-04-11', NULL),
(1700, NULL, 4, 5, 'ADMIN', NULL, '2024-04-15', NULL),
(1701, NULL, 4, 5, 'ADMIN', NULL, '2024-04-18', NULL),
(1702, NULL, 4, 5, 'ADMIN', NULL, '2024-04-22', NULL),
(1703, NULL, 4, 5, 'ADMIN', NULL, '2024-04-25', NULL),
(1704, NULL, 4, 5, 'ADMIN', NULL, '2024-04-29', NULL),
(1705, NULL, 4, 5, 'ADMIN', NULL, '2024-05-02', NULL),
(1706, NULL, 4, 5, 'ADMIN', NULL, '2024-05-06', NULL),
(1707, NULL, 4, 5, 'ADMIN', NULL, '2024-05-09', NULL),
(1708, NULL, 4, 5, 'ADMIN', NULL, '2024-05-13', NULL),
(1709, NULL, 4, 5, 'ADMIN', NULL, '2024-05-16', NULL),
(1710, NULL, 4, 5, 'ADMIN', NULL, '2024-05-20', NULL),
(1711, NULL, 5, 5, 'ADMIN', NULL, '2024-01-22', NULL),
(1712, NULL, 5, 5, 'ADMIN', NULL, '2024-01-25', NULL),
(1713, NULL, 5, 5, 'ADMIN', NULL, '2024-01-29', NULL),
(1714, NULL, 5, 5, 'ADMIN', NULL, '2024-02-01', NULL),
(1715, NULL, 5, 5, 'ADMIN', NULL, '2024-02-05', NULL),
(1716, NULL, 5, 5, 'ADMIN', NULL, '2024-02-08', NULL),
(1717, NULL, 5, 5, 'ADMIN', NULL, '2024-02-12', NULL),
(1718, NULL, 5, 5, 'ADMIN', NULL, '2024-02-15', NULL),
(1719, NULL, 5, 5, 'ADMIN', NULL, '2024-02-19', NULL),
(1720, NULL, 5, 5, 'ADMIN', NULL, '2024-02-22', NULL),
(1721, NULL, 5, 5, 'ADMIN', NULL, '2024-02-26', NULL),
(1722, NULL, 5, 5, 'ADMIN', NULL, '2024-02-29', NULL),
(1723, NULL, 5, 5, 'ADMIN', NULL, '2024-03-04', NULL),
(1724, NULL, 5, 5, 'ADMIN', NULL, '2024-03-07', NULL),
(1725, NULL, 5, 5, 'ADMIN', NULL, '2024-03-11', NULL),
(1726, NULL, 5, 5, 'ADMIN', NULL, '2024-03-14', NULL),
(1727, NULL, 5, 5, 'ADMIN', NULL, '2024-03-18', NULL),
(1728, NULL, 5, 5, 'ADMIN', NULL, '2024-03-21', NULL),
(1729, NULL, 5, 5, 'ADMIN', NULL, '2024-03-25', NULL),
(1730, NULL, 5, 5, 'ADMIN', NULL, '2024-03-28', NULL),
(1731, NULL, 5, 5, 'ADMIN', NULL, '2024-04-01', NULL),
(1732, NULL, 5, 5, 'ADMIN', NULL, '2024-04-04', NULL),
(1733, NULL, 5, 5, 'ADMIN', NULL, '2024-04-08', NULL),
(1734, NULL, 5, 5, 'ADMIN', NULL, '2024-04-11', NULL),
(1735, NULL, 5, 5, 'ADMIN', NULL, '2024-04-15', NULL),
(1736, NULL, 5, 5, 'ADMIN', NULL, '2024-04-18', NULL),
(1737, NULL, 5, 5, 'ADMIN', NULL, '2024-04-22', NULL),
(1738, NULL, 5, 5, 'ADMIN', NULL, '2024-04-25', NULL),
(1739, NULL, 5, 5, 'ADMIN', NULL, '2024-04-29', NULL),
(1740, NULL, 5, 5, 'ADMIN', NULL, '2024-05-02', NULL),
(1741, NULL, 5, 5, 'ADMIN', NULL, '2024-05-06', NULL),
(1742, NULL, 5, 5, 'ADMIN', NULL, '2024-05-09', NULL),
(1743, NULL, 5, 5, 'ADMIN', NULL, '2024-05-13', NULL),
(1744, NULL, 5, 5, 'ADMIN', NULL, '2024-05-16', NULL),
(1745, NULL, 5, 5, 'ADMIN', NULL, '2024-05-20', NULL),
(1746, NULL, 6, 5, 'ADMIN', NULL, '2024-01-22', NULL),
(1747, NULL, 6, 5, 'ADMIN', NULL, '2024-01-25', NULL),
(1748, NULL, 6, 5, 'ADMIN', NULL, '2024-01-29', NULL),
(1749, NULL, 6, 5, 'ADMIN', NULL, '2024-02-01', NULL),
(1750, NULL, 6, 5, 'ADMIN', NULL, '2024-02-05', NULL),
(1751, NULL, 6, 5, 'ADMIN', NULL, '2024-02-08', NULL),
(1752, NULL, 6, 5, 'ADMIN', NULL, '2024-02-12', NULL),
(1753, NULL, 6, 5, 'ADMIN', NULL, '2024-02-15', NULL),
(1754, NULL, 6, 5, 'ADMIN', NULL, '2024-02-19', NULL),
(1755, NULL, 6, 5, 'ADMIN', NULL, '2024-02-22', NULL),
(1756, NULL, 6, 5, 'ADMIN', NULL, '2024-02-26', NULL),
(1757, NULL, 6, 5, 'ADMIN', NULL, '2024-02-29', NULL),
(1758, NULL, 6, 5, 'ADMIN', NULL, '2024-03-04', NULL),
(1759, NULL, 6, 5, 'ADMIN', NULL, '2024-03-07', NULL),
(1760, NULL, 6, 5, 'ADMIN', NULL, '2024-03-11', NULL),
(1761, NULL, 6, 5, 'ADMIN', NULL, '2024-03-14', NULL),
(1762, NULL, 6, 5, 'ADMIN', NULL, '2024-03-18', NULL),
(1763, NULL, 6, 5, 'ADMIN', NULL, '2024-03-21', NULL),
(1764, NULL, 6, 5, 'ADMIN', NULL, '2024-03-25', NULL),
(1765, NULL, 6, 5, 'ADMIN', NULL, '2024-03-28', NULL),
(1766, NULL, 6, 5, 'ADMIN', NULL, '2024-04-01', NULL),
(1767, NULL, 6, 5, 'ADMIN', NULL, '2024-04-04', NULL),
(1768, NULL, 6, 5, 'ADMIN', NULL, '2024-04-08', NULL),
(1769, NULL, 6, 5, 'ADMIN', NULL, '2024-04-11', NULL),
(1770, NULL, 6, 5, 'ADMIN', NULL, '2024-04-15', NULL),
(1771, NULL, 6, 5, 'ADMIN', NULL, '2024-04-18', NULL),
(1772, NULL, 6, 5, 'ADMIN', NULL, '2024-04-22', NULL),
(1773, NULL, 6, 5, 'ADMIN', NULL, '2024-04-25', NULL),
(1774, NULL, 6, 5, 'ADMIN', NULL, '2024-04-29', NULL),
(1775, NULL, 6, 5, 'ADMIN', NULL, '2024-05-02', NULL),
(1776, NULL, 6, 5, 'ADMIN', NULL, '2024-05-06', NULL),
(1777, NULL, 6, 5, 'ADMIN', NULL, '2024-05-09', NULL),
(1778, NULL, 6, 5, 'ADMIN', NULL, '2024-05-13', NULL),
(1779, NULL, 6, 5, 'ADMIN', NULL, '2024-05-16', NULL),
(1780, NULL, 6, 5, 'ADMIN', NULL, '2024-05-20', NULL),
(1781, NULL, 1, 7, 'ADMIN', NULL, '2024-01-23', NULL),
(1782, NULL, 1, 7, 'ADMIN', NULL, '2024-01-26', NULL),
(1783, NULL, 1, 7, 'ADMIN', NULL, '2024-01-30', NULL),
(1784, NULL, 1, 7, 'ADMIN', NULL, '2024-02-02', NULL),
(1785, NULL, 1, 7, 'ADMIN', NULL, '2024-02-06', NULL),
(1786, NULL, 1, 7, 'ADMIN', NULL, '2024-02-09', NULL),
(1787, NULL, 1, 7, 'ADMIN', NULL, '2024-02-13', NULL),
(1788, NULL, 1, 7, 'ADMIN', NULL, '2024-02-16', NULL),
(1789, NULL, 1, 7, 'ADMIN', NULL, '2024-02-20', NULL),
(1790, NULL, 1, 7, 'ADMIN', NULL, '2024-02-23', NULL),
(1791, NULL, 1, 7, 'ADMIN', NULL, '2024-02-27', NULL),
(1792, NULL, 1, 7, 'ADMIN', NULL, '2024-03-01', NULL),
(1793, NULL, 1, 7, 'ADMIN', NULL, '2024-03-05', NULL),
(1794, NULL, 1, 7, 'ADMIN', NULL, '2024-03-08', NULL),
(1795, NULL, 1, 7, 'ADMIN', NULL, '2024-03-12', NULL),
(1796, NULL, 1, 7, 'ADMIN', NULL, '2024-03-15', NULL),
(1797, NULL, 1, 7, 'ADMIN', NULL, '2024-03-19', NULL),
(1798, NULL, 1, 7, 'ADMIN', NULL, '2024-03-22', NULL),
(1799, NULL, 1, 7, 'ADMIN', NULL, '2024-03-26', NULL),
(1800, NULL, 1, 7, 'ADMIN', NULL, '2024-03-29', NULL),
(1801, NULL, 1, 7, 'ADMIN', NULL, '2024-04-02', NULL),
(1802, NULL, 1, 7, 'ADMIN', NULL, '2024-04-05', NULL),
(1803, NULL, 1, 7, 'ADMIN', NULL, '2024-04-09', NULL),
(1804, NULL, 1, 7, 'ADMIN', NULL, '2024-04-12', NULL),
(1805, NULL, 1, 7, 'ADMIN', NULL, '2024-04-16', NULL),
(1806, NULL, 1, 7, 'ADMIN', NULL, '2024-04-19', NULL),
(1807, NULL, 1, 7, 'ADMIN', NULL, '2024-04-23', NULL),
(1808, NULL, 1, 7, 'ADMIN', NULL, '2024-04-26', NULL),
(1809, NULL, 1, 7, 'ADMIN', NULL, '2024-04-30', NULL),
(1810, NULL, 1, 7, 'ADMIN', NULL, '2024-05-03', NULL),
(1811, NULL, 1, 7, 'ADMIN', NULL, '2024-05-07', NULL),
(1812, NULL, 1, 7, 'ADMIN', NULL, '2024-05-10', NULL),
(1813, NULL, 1, 7, 'ADMIN', NULL, '2024-05-14', NULL),
(1814, NULL, 1, 7, 'ADMIN', NULL, '2024-05-17', NULL),
(1815, NULL, 1, 7, 'ADMIN', NULL, '2024-05-21', NULL),
(1816, NULL, 2, 7, 'ADMIN', NULL, '2024-01-23', NULL),
(1817, NULL, 2, 7, 'ADMIN', NULL, '2024-01-26', NULL),
(1818, NULL, 2, 7, 'ADMIN', NULL, '2024-01-30', NULL),
(1819, NULL, 2, 7, 'ADMIN', NULL, '2024-02-02', NULL),
(1820, NULL, 2, 7, 'ADMIN', NULL, '2024-02-06', NULL),
(1821, NULL, 2, 7, 'ADMIN', NULL, '2024-02-09', NULL),
(1822, NULL, 2, 7, 'ADMIN', NULL, '2024-02-13', NULL),
(1823, NULL, 2, 7, 'ADMIN', NULL, '2024-02-16', NULL),
(1824, NULL, 2, 7, 'ADMIN', NULL, '2024-02-20', NULL),
(1825, NULL, 2, 7, 'ADMIN', NULL, '2024-02-23', NULL),
(1826, NULL, 2, 7, 'ADMIN', NULL, '2024-02-27', NULL),
(1827, NULL, 2, 7, 'ADMIN', NULL, '2024-03-01', NULL),
(1828, NULL, 2, 7, 'ADMIN', NULL, '2024-03-05', NULL),
(1829, NULL, 2, 7, 'ADMIN', NULL, '2024-03-08', NULL),
(1830, NULL, 2, 7, 'ADMIN', NULL, '2024-03-12', NULL),
(1831, NULL, 2, 7, 'ADMIN', NULL, '2024-03-15', NULL),
(1832, NULL, 2, 7, 'ADMIN', NULL, '2024-03-19', NULL),
(1833, NULL, 2, 7, 'ADMIN', NULL, '2024-03-22', NULL),
(1834, NULL, 2, 7, 'ADMIN', NULL, '2024-03-26', NULL),
(1835, NULL, 2, 7, 'ADMIN', NULL, '2024-03-29', NULL),
(1836, NULL, 2, 7, 'ADMIN', NULL, '2024-04-02', NULL),
(1837, NULL, 2, 7, 'ADMIN', NULL, '2024-04-05', NULL),
(1838, NULL, 2, 7, 'ADMIN', NULL, '2024-04-09', NULL),
(1839, NULL, 2, 7, 'ADMIN', NULL, '2024-04-12', NULL),
(1840, NULL, 2, 7, 'ADMIN', NULL, '2024-04-16', NULL),
(1841, NULL, 2, 7, 'ADMIN', NULL, '2024-04-19', NULL),
(1842, NULL, 2, 7, 'ADMIN', NULL, '2024-04-23', NULL),
(1843, NULL, 2, 7, 'ADMIN', NULL, '2024-04-26', NULL),
(1844, NULL, 2, 7, 'ADMIN', NULL, '2024-04-30', NULL),
(1845, NULL, 2, 7, 'ADMIN', NULL, '2024-05-03', NULL),
(1846, NULL, 2, 7, 'ADMIN', NULL, '2024-05-07', NULL),
(1847, NULL, 2, 7, 'ADMIN', NULL, '2024-05-10', NULL),
(1848, NULL, 2, 7, 'ADMIN', NULL, '2024-05-14', NULL),
(1849, NULL, 2, 7, 'ADMIN', NULL, '2024-05-17', NULL),
(1850, NULL, 2, 7, 'ADMIN', NULL, '2024-05-21', NULL),
(1851, NULL, 3, 7, 'ADMIN', NULL, '2024-01-23', NULL),
(1852, NULL, 3, 7, 'ADMIN', NULL, '2024-01-26', NULL),
(1853, NULL, 3, 7, 'ADMIN', NULL, '2024-01-30', NULL),
(1854, NULL, 3, 7, 'ADMIN', NULL, '2024-02-02', NULL),
(1855, NULL, 3, 7, 'ADMIN', NULL, '2024-02-06', NULL),
(1856, NULL, 3, 7, 'ADMIN', NULL, '2024-02-09', NULL),
(1857, NULL, 3, 7, 'ADMIN', NULL, '2024-02-13', NULL),
(1858, NULL, 3, 7, 'ADMIN', NULL, '2024-02-16', NULL),
(1859, NULL, 3, 7, 'ADMIN', NULL, '2024-02-20', NULL),
(1860, NULL, 3, 7, 'ADMIN', NULL, '2024-02-23', NULL),
(1861, NULL, 3, 7, 'ADMIN', NULL, '2024-02-27', NULL),
(1862, NULL, 3, 7, 'ADMIN', NULL, '2024-03-01', NULL),
(1863, NULL, 3, 7, 'ADMIN', NULL, '2024-03-05', NULL),
(1864, NULL, 3, 7, 'ADMIN', NULL, '2024-03-08', NULL),
(1865, NULL, 3, 7, 'ADMIN', NULL, '2024-03-12', NULL),
(1866, NULL, 3, 7, 'ADMIN', NULL, '2024-03-15', NULL),
(1867, NULL, 3, 7, 'ADMIN', NULL, '2024-03-19', NULL),
(1868, NULL, 3, 7, 'ADMIN', NULL, '2024-03-22', NULL),
(1869, NULL, 3, 7, 'ADMIN', NULL, '2024-03-26', NULL),
(1870, NULL, 3, 7, 'ADMIN', NULL, '2024-03-29', NULL),
(1871, NULL, 3, 7, 'ADMIN', NULL, '2024-04-02', NULL),
(1872, NULL, 3, 7, 'ADMIN', NULL, '2024-04-05', NULL),
(1873, NULL, 3, 7, 'ADMIN', NULL, '2024-04-09', NULL),
(1874, NULL, 3, 7, 'ADMIN', NULL, '2024-04-12', NULL),
(1875, NULL, 3, 7, 'ADMIN', NULL, '2024-04-16', NULL),
(1876, NULL, 3, 7, 'ADMIN', NULL, '2024-04-19', NULL),
(1877, NULL, 3, 7, 'ADMIN', NULL, '2024-04-23', NULL),
(1878, NULL, 3, 7, 'ADMIN', NULL, '2024-04-26', NULL),
(1879, NULL, 3, 7, 'ADMIN', NULL, '2024-04-30', NULL),
(1880, NULL, 3, 7, 'ADMIN', NULL, '2024-05-03', NULL),
(1881, NULL, 3, 7, 'ADMIN', NULL, '2024-05-07', NULL),
(1882, NULL, 3, 7, 'ADMIN', NULL, '2024-05-10', NULL),
(1883, NULL, 3, 7, 'ADMIN', NULL, '2024-05-14', NULL),
(1884, NULL, 3, 7, 'ADMIN', NULL, '2024-05-17', NULL),
(1885, NULL, 3, 7, 'ADMIN', NULL, '2024-05-21', NULL),
(1886, NULL, 4, 7, 'ADMIN', NULL, '2024-01-23', NULL),
(1887, NULL, 4, 7, 'ADMIN', NULL, '2024-01-26', NULL),
(1888, NULL, 4, 7, 'ADMIN', NULL, '2024-01-30', NULL),
(1889, NULL, 4, 7, 'ADMIN', NULL, '2024-02-02', NULL),
(1890, NULL, 4, 7, 'ADMIN', NULL, '2024-02-06', NULL),
(1891, NULL, 4, 7, 'ADMIN', NULL, '2024-02-09', NULL),
(1892, NULL, 4, 7, 'ADMIN', NULL, '2024-02-13', NULL),
(1893, NULL, 4, 7, 'ADMIN', NULL, '2024-02-16', NULL),
(1894, NULL, 4, 7, 'ADMIN', NULL, '2024-02-20', NULL),
(1895, NULL, 4, 7, 'ADMIN', NULL, '2024-02-23', NULL),
(1896, NULL, 4, 7, 'ADMIN', NULL, '2024-02-27', NULL),
(1897, NULL, 4, 7, 'ADMIN', NULL, '2024-03-01', NULL),
(1898, NULL, 4, 7, 'ADMIN', NULL, '2024-03-05', NULL),
(1899, NULL, 4, 7, 'ADMIN', NULL, '2024-03-08', NULL),
(1900, NULL, 4, 7, 'ADMIN', NULL, '2024-03-12', NULL),
(1901, NULL, 4, 7, 'ADMIN', NULL, '2024-03-15', NULL),
(1902, NULL, 4, 7, 'ADMIN', NULL, '2024-03-19', NULL),
(1903, NULL, 4, 7, 'ADMIN', NULL, '2024-03-22', NULL),
(1904, NULL, 4, 7, 'ADMIN', NULL, '2024-03-26', NULL),
(1905, NULL, 4, 7, 'ADMIN', NULL, '2024-03-29', NULL),
(1906, NULL, 4, 7, 'ADMIN', NULL, '2024-04-02', NULL),
(1907, NULL, 4, 7, 'ADMIN', NULL, '2024-04-05', NULL),
(1908, NULL, 4, 7, 'ADMIN', NULL, '2024-04-09', NULL),
(1909, NULL, 4, 7, 'ADMIN', NULL, '2024-04-12', NULL),
(1910, NULL, 4, 7, 'ADMIN', NULL, '2024-04-16', NULL),
(1911, NULL, 4, 7, 'ADMIN', NULL, '2024-04-19', NULL),
(1912, NULL, 4, 7, 'ADMIN', NULL, '2024-04-23', NULL),
(1913, NULL, 4, 7, 'ADMIN', NULL, '2024-04-26', NULL),
(1914, NULL, 4, 7, 'ADMIN', NULL, '2024-04-30', NULL),
(1915, NULL, 4, 7, 'ADMIN', NULL, '2024-05-03', NULL),
(1916, NULL, 4, 7, 'ADMIN', NULL, '2024-05-07', NULL),
(1917, NULL, 4, 7, 'ADMIN', NULL, '2024-05-10', NULL),
(1918, NULL, 4, 7, 'ADMIN', NULL, '2024-05-14', NULL),
(1919, NULL, 4, 7, 'ADMIN', NULL, '2024-05-17', NULL),
(1920, NULL, 4, 7, 'ADMIN', NULL, '2024-05-21', NULL),
(1921, NULL, 5, 7, 'ADMIN', NULL, '2024-01-23', NULL),
(1922, NULL, 5, 7, 'ADMIN', NULL, '2024-01-26', NULL),
(1923, NULL, 5, 7, 'ADMIN', NULL, '2024-01-30', NULL),
(1924, NULL, 5, 7, 'ADMIN', NULL, '2024-02-02', NULL),
(1925, NULL, 5, 7, 'ADMIN', NULL, '2024-02-06', NULL),
(1926, NULL, 5, 7, 'ADMIN', NULL, '2024-02-09', NULL),
(1927, NULL, 5, 7, 'ADMIN', NULL, '2024-02-13', NULL),
(1928, NULL, 5, 7, 'ADMIN', NULL, '2024-02-16', NULL),
(1929, NULL, 5, 7, 'ADMIN', NULL, '2024-02-20', NULL),
(1930, NULL, 5, 7, 'ADMIN', NULL, '2024-02-23', NULL),
(1931, NULL, 5, 7, 'ADMIN', NULL, '2024-02-27', NULL),
(1932, NULL, 5, 7, 'ADMIN', NULL, '2024-03-01', NULL),
(1933, NULL, 5, 7, 'ADMIN', NULL, '2024-03-05', NULL),
(1934, NULL, 5, 7, 'ADMIN', NULL, '2024-03-08', NULL),
(1935, NULL, 5, 7, 'ADMIN', NULL, '2024-03-12', NULL),
(1936, NULL, 5, 7, 'ADMIN', NULL, '2024-03-15', NULL),
(1937, NULL, 5, 7, 'ADMIN', NULL, '2024-03-19', NULL),
(1938, NULL, 5, 7, 'ADMIN', NULL, '2024-03-22', NULL),
(1939, NULL, 5, 7, 'ADMIN', NULL, '2024-03-26', NULL),
(1940, NULL, 5, 7, 'ADMIN', NULL, '2024-03-29', NULL),
(1941, NULL, 5, 7, 'ADMIN', NULL, '2024-04-02', NULL),
(1942, NULL, 5, 7, 'ADMIN', NULL, '2024-04-05', NULL),
(1943, NULL, 5, 7, 'ADMIN', NULL, '2024-04-09', NULL),
(1944, NULL, 5, 7, 'ADMIN', NULL, '2024-04-12', NULL),
(1945, NULL, 5, 7, 'ADMIN', NULL, '2024-04-16', NULL),
(1946, NULL, 5, 7, 'ADMIN', NULL, '2024-04-19', NULL),
(1947, NULL, 5, 7, 'ADMIN', NULL, '2024-04-23', NULL),
(1948, NULL, 5, 7, 'ADMIN', NULL, '2024-04-26', NULL),
(1949, NULL, 5, 7, 'ADMIN', NULL, '2024-04-30', NULL),
(1950, NULL, 5, 7, 'ADMIN', NULL, '2024-05-03', NULL),
(1951, NULL, 5, 7, 'ADMIN', NULL, '2024-05-07', NULL),
(1952, NULL, 5, 7, 'ADMIN', NULL, '2024-05-10', NULL),
(1953, NULL, 5, 7, 'ADMIN', NULL, '2024-05-14', NULL),
(1954, NULL, 5, 7, 'ADMIN', NULL, '2024-05-17', NULL),
(1955, NULL, 5, 7, 'ADMIN', NULL, '2024-05-21', NULL),
(1956, NULL, 6, 7, 'ADMIN', NULL, '2024-01-23', NULL),
(1957, NULL, 6, 7, 'ADMIN', NULL, '2024-01-26', NULL),
(1958, NULL, 6, 7, 'ADMIN', NULL, '2024-01-30', NULL),
(1959, NULL, 6, 7, 'ADMIN', NULL, '2024-02-02', NULL),
(1960, NULL, 6, 7, 'ADMIN', NULL, '2024-02-06', NULL),
(1961, NULL, 6, 7, 'ADMIN', NULL, '2024-02-09', NULL),
(1962, NULL, 6, 7, 'ADMIN', NULL, '2024-02-13', NULL),
(1963, NULL, 6, 7, 'ADMIN', NULL, '2024-02-16', NULL),
(1964, NULL, 6, 7, 'ADMIN', NULL, '2024-02-20', NULL),
(1965, NULL, 6, 7, 'ADMIN', NULL, '2024-02-23', NULL),
(1966, NULL, 6, 7, 'ADMIN', NULL, '2024-02-27', NULL),
(1967, NULL, 6, 7, 'ADMIN', NULL, '2024-03-01', NULL),
(1968, NULL, 6, 7, 'ADMIN', NULL, '2024-03-05', NULL),
(1969, NULL, 6, 7, 'ADMIN', NULL, '2024-03-08', NULL),
(1970, NULL, 6, 7, 'ADMIN', NULL, '2024-03-12', NULL),
(1971, NULL, 6, 7, 'ADMIN', NULL, '2024-03-15', NULL),
(1972, NULL, 6, 7, 'ADMIN', NULL, '2024-03-19', NULL),
(1973, NULL, 6, 7, 'ADMIN', NULL, '2024-03-22', NULL),
(1974, NULL, 6, 7, 'ADMIN', NULL, '2024-03-26', NULL),
(1975, NULL, 6, 7, 'ADMIN', NULL, '2024-03-29', NULL),
(1976, NULL, 6, 7, 'ADMIN', NULL, '2024-04-02', NULL),
(1977, NULL, 6, 7, 'ADMIN', NULL, '2024-04-05', NULL),
(1978, NULL, 6, 7, 'ADMIN', NULL, '2024-04-09', NULL),
(1979, NULL, 6, 7, 'ADMIN', NULL, '2024-04-12', NULL),
(1980, NULL, 6, 7, 'ADMIN', NULL, '2024-04-16', NULL),
(1981, NULL, 6, 7, 'ADMIN', NULL, '2024-04-19', NULL),
(1982, NULL, 6, 7, 'ADMIN', NULL, '2024-04-23', NULL),
(1983, NULL, 6, 7, 'ADMIN', NULL, '2024-04-26', NULL),
(1984, NULL, 6, 7, 'ADMIN', NULL, '2024-04-30', NULL),
(1985, NULL, 6, 7, 'ADMIN', NULL, '2024-05-03', NULL),
(1986, NULL, 6, 7, 'ADMIN', NULL, '2024-05-07', NULL),
(1987, NULL, 6, 7, 'ADMIN', NULL, '2024-05-10', NULL),
(1988, NULL, 6, 7, 'ADMIN', NULL, '2024-05-14', NULL),
(1989, NULL, 6, 7, 'ADMIN', NULL, '2024-05-17', NULL),
(1990, NULL, 6, 7, 'ADMIN', NULL, '2024-05-21', NULL);

-- --------------------------------------------------------

--
-- Estructura de tabla para la tabla `codigos_qr`
--

CREATE TABLE `codigos_qr` (
  `id_codigo` int(11) NOT NULL,
  `token` varchar(255) DEFAULT NULL,
  `correo` varchar(255) DEFAULT NULL,
  `id_usuario` int(11) DEFAULT NULL,
  `used` tinyint(1) DEFAULT NULL,
  `fec_creacion` timestamp NOT NULL DEFAULT current_timestamp() ON UPDATE current_timestamp(),
  `Id_materia` int(11) NOT NULL
) ENGINE=InnoDB DEFAULT CHARSET=utf8mb4 COLLATE=utf8mb4_general_ci;

-- --------------------------------------------------------

--
-- Estructura de tabla para la tabla `facultades`
--

CREATE TABLE `facultades` (
  `facultad_id` int(11) NOT NULL,
  `nombre` varchar(100) DEFAULT NULL,
  `fecha_alta` timestamp NOT NULL DEFAULT current_timestamp(),
  `fecha_actualizacion` timestamp NOT NULL DEFAULT current_timestamp() ON UPDATE current_timestamp(),
  `usuario_alta` varchar(255) DEFAULT NULL,
  `usuario_actualizacion` varchar(255) DEFAULT NULL
) ENGINE=InnoDB DEFAULT CHARSET=utf8mb4 COLLATE=utf8mb4_general_ci;

--
-- Volcado de datos para la tabla `facultades`
--

INSERT INTO `facultades` (`facultad_id`, `nombre`, `fecha_alta`, `fecha_actualizacion`, `usuario_alta`, `usuario_actualizacion`) VALUES
(1, 'Ingeniería en Sistemas', '2024-03-01 00:51:29', '2024-03-01 00:54:30', 'admin', 'admin');

-- --------------------------------------------------------

--
-- Estructura de tabla para la tabla `grupos`
--

CREATE TABLE `grupos` (
  `grupo_id` int(11) NOT NULL,
  `clave_grupo` varchar(255) NOT NULL,
  `nombre` varchar(50) DEFAULT NULL,
  `semestre_id` int(11) DEFAULT NULL,
  `facultad_id` int(11) DEFAULT NULL,
  `fecha_alta` timestamp NOT NULL DEFAULT current_timestamp(),
  `fecha_actualizacion` timestamp NOT NULL DEFAULT current_timestamp() ON UPDATE current_timestamp(),
  `usuario_alta` varchar(255) DEFAULT NULL,
  `usuario_actualizacion` varchar(255) DEFAULT NULL,
  `materia_id` int(255) NOT NULL
) ENGINE=InnoDB DEFAULT CHARSET=utf8mb4 COLLATE=utf8mb4_general_ci;

--
-- Volcado de datos para la tabla `grupos`
--

INSERT INTO `grupos` (`grupo_id`, `clave_grupo`, `nombre`, `semestre_id`, `facultad_id`, `fecha_alta`, `fecha_actualizacion`, `usuario_alta`, `usuario_actualizacion`, `materia_id`) VALUES
(1, '8510', NULL, 1, 1, '2024-03-01 01:02:00', '2024-03-11 23:20:23', 'admin', 'admin', 1),
(2, '7510', NULL, 2, 1, '2024-03-06 19:49:25', '2024-03-11 23:20:23', NULL, NULL, 2),
(3, '9510', NULL, 3, 1, '2024-03-06 19:49:25', '2024-03-11 23:20:23', NULL, NULL, 3),
(4, '6510', NULL, 4, 1, '2024-03-06 19:51:43', '2024-03-11 23:20:23', NULL, NULL, 4);

-- --------------------------------------------------------

--
-- Estructura de tabla para la tabla `historial_asistencia`
--

CREATE TABLE `historial_asistencia` (
  `historial_id` int(11) NOT NULL,
  `asistencia_id` int(11) DEFAULT NULL,
  `estatus_anterior` varchar(50) DEFAULT NULL,
  `fecha_actualizacion` timestamp NOT NULL DEFAULT current_timestamp(),
  `usuario_actualizacion` varchar(50) DEFAULT NULL
) ENGINE=InnoDB DEFAULT CHARSET=utf8mb4 COLLATE=utf8mb4_general_ci;

-- --------------------------------------------------------

--
-- Estructura de tabla para la tabla `horarios`
--

CREATE TABLE `horarios` (
  `horario_id` int(11) NOT NULL,
  `grupo_id` int(11) DEFAULT NULL,
  `materia_id` int(11) DEFAULT NULL,
  `profesor_id` int(11) DEFAULT NULL,
  `hora_inicio` time DEFAULT NULL,
  `hora_fin` time DEFAULT NULL,
  `fecha_alta` timestamp NOT NULL DEFAULT current_timestamp(),
  `fecha_actualizacion` timestamp NOT NULL DEFAULT current_timestamp() ON UPDATE current_timestamp(),
  `usuario_alta` varchar(255) DEFAULT NULL,
  `usuario_actualizacion` varchar(255) DEFAULT NULL
) ENGINE=InnoDB DEFAULT CHARSET=utf8mb4 COLLATE=utf8mb4_general_ci;

--
-- Volcado de datos para la tabla `horarios`
--

INSERT INTO `horarios` (`horario_id`, `grupo_id`, `materia_id`, `profesor_id`, `hora_inicio`, `hora_fin`, `fecha_alta`, `fecha_actualizacion`, `usuario_alta`, `usuario_actualizacion`) VALUES
(15, 1, 1, 1, '17:00:00', '19:00:00', '2024-03-01 01:08:28', '2024-03-01 01:08:28', 'admin', 'admin'),
(16, 1, 1, 1, '15:00:00', '17:00:00', '2024-03-01 01:08:28', '2024-03-01 01:08:28', 'admin', 'admin'),
(17, 1, 2, 2, '13:00:00', '15:00:00', '2024-03-01 01:08:28', '2024-03-01 01:08:28', 'admin', 'admin'),
(18, 1, 2, 2, '13:00:00', '15:00:00', '2024-03-01 01:08:28', '2024-03-01 01:08:28', 'admin', 'admin'),
(19, 1, 3, 3, '13:00:00', '15:00:00', '2024-03-01 01:08:28', '2024-03-01 01:08:28', 'admin', 'admin'),
(20, 1, 3, 3, '15:00:00', '17:00:00', '2024-03-01 01:08:28', '2024-03-01 01:08:28', 'admin', 'admin'),
(21, 1, 4, 4, '13:00:00', '15:00:00', '2024-03-01 01:08:28', '2024-03-01 01:08:28', 'admin', 'admin'),
(22, 1, 4, 4, '13:00:00', '15:00:00', '2024-03-01 01:08:28', '2024-03-01 01:08:28', 'admin', 'admin'),
(23, 1, 5, 5, '15:00:00', '17:00:00', '2024-03-01 01:08:28', '2024-03-01 01:08:28', 'admin', 'admin'),
(24, 1, 5, 5, '15:00:00', '17:00:00', '2024-03-01 01:08:28', '2024-03-01 01:08:28', 'admin', 'admin'),
(25, 1, 6, 6, '15:00:00', '17:00:00', '2024-03-01 01:08:28', '2024-03-01 01:08:28', 'admin', 'admin'),
(26, 1, 6, 6, '17:00:00', '19:00:00', '2024-03-01 01:08:28', '2024-03-01 01:08:28', 'admin', 'admin'),
(27, 1, 7, 7, '17:00:00', '19:00:00', '2024-03-01 01:08:28', '2024-03-01 01:08:28', 'admin', 'admin'),
(28, 1, 7, 7, '17:00:00', '19:00:00', '2024-03-01 01:08:28', '2024-03-01 01:08:28', 'admin', 'admin');

-- --------------------------------------------------------

--
-- Estructura de tabla para la tabla `materias`
--

CREATE TABLE `materias` (
  `materia_id` int(11) NOT NULL,
  `facultad_id` int(11) NOT NULL,
  `nombre` varchar(100) DEFAULT NULL,
  `fecha_alta` timestamp NOT NULL DEFAULT current_timestamp(),
  `fecha_actualizacion` timestamp NOT NULL DEFAULT current_timestamp() ON UPDATE current_timestamp(),
  `usuario_alta` varchar(50) DEFAULT NULL,
  `usuario_actualizacion` varchar(50) DEFAULT NULL
) ENGINE=InnoDB DEFAULT CHARSET=utf8mb4 COLLATE=utf8mb4_general_ci;

--
-- Volcado de datos para la tabla `materias`
--

INSERT INTO `materias` (`materia_id`, `facultad_id`, `nombre`, `fecha_alta`, `fecha_actualizacion`, `usuario_alta`, `usuario_actualizacion`) VALUES
(1, 1, 'Arquitectura de Computadoras', '2024-03-01 01:04:39', '2024-03-01 01:04:39', 'admin', 'admin'),
(2, 1, 'Base de Datos Avanzadas', '2024-03-01 01:04:39', '2024-03-01 01:04:39', 'admin', 'admin'),
(3, 1, 'Desarrollo de Emprendedores', '2024-03-01 01:04:39', '2024-03-01 01:04:39', 'admin', 'admin'),
(4, 1, 'Ingeniería de Software', '2024-03-01 01:04:39', '2024-03-01 01:04:39', 'admin', 'admin'),
(5, 1, 'Inteligencia Artificial', '2024-03-01 01:04:39', '2024-03-01 01:04:39', 'admin', 'admin'),
(6, 1, 'Robótica', '2024-03-01 01:04:39', '2024-03-01 01:04:39', 'admin', 'admin'),
(7, 1, 'Técnicas de Calidad de Software', '2024-03-01 01:04:39', '2024-03-01 01:04:39', 'admin', 'admin'),
(8, 1, 'Administración de proyectos de informática', '2024-03-06 19:56:07', '2024-03-06 19:59:22', NULL, NULL),
(9, 1, 'Arquitectura de desarrollo de software', '2024-03-06 19:58:20', '2024-03-06 19:59:22', NULL, NULL),
(10, 1, 'Compiladores', '2024-03-06 19:58:20', '2024-03-06 19:59:22', NULL, NULL),
(11, 1, 'Control digital', '2024-03-06 19:58:20', '2024-03-06 19:59:22', NULL, NULL),
(12, 1, 'Digital común', '2024-03-06 19:58:20', '2024-03-06 19:59:22', NULL, NULL),
(13, 1, 'Lenguaje ensamblador', '2024-03-06 19:58:20', '2024-03-06 19:59:22', NULL, NULL),
(14, 1, 'Sociedad y desarrollo de mexico', '2024-03-06 19:58:20', '2024-03-06 19:59:30', NULL, NULL),
(15, 1, 'Costos y presupuestos', '2024-03-06 20:02:42', '2024-03-06 20:02:42', NULL, NULL),
(16, 1, 'ELectricidad y magnetismo', '2024-03-06 20:02:42', '2024-03-06 20:02:42', NULL, NULL),
(17, 1, 'Estructura de datos', '2024-03-06 20:02:42', '2024-03-06 20:02:42', NULL, NULL),
(18, 1, 'Fundamentos de base de datos', '2024-03-06 20:02:42', '2024-03-06 20:02:42', NULL, NULL),
(19, 1, 'Mercadeo de software', '2024-03-06 20:02:42', '2024-03-06 20:02:42', NULL, NULL),
(20, 1, 'Programación de interfacez', '2024-03-06 20:02:42', '2024-03-06 20:02:42', NULL, NULL),
(21, 1, 'Sociedad y desarrollo en el mundo', '2024-03-06 20:02:42', '2024-03-06 20:02:42', NULL, NULL),
(22, 1, 'Administración de centros de computo', '2024-03-06 20:05:48', '2024-03-06 20:05:48', NULL, NULL),
(23, 1, 'Comercialización de software', '2024-03-06 20:05:48', '2024-03-06 20:05:48', NULL, NULL),
(24, 1, 'Desarrollo de aplicaciones avanzadas en internet', '2024-03-06 20:05:48', '2024-03-06 20:05:48', NULL, NULL),
(25, 1, 'Redes de telecomunicaciones', '2024-03-06 20:05:48', '2024-03-06 20:05:48', NULL, NULL),
(26, 1, 'Seminario de investigación aplicada', '2024-03-06 20:05:48', '2024-03-06 20:05:48', NULL, NULL),
(27, 1, 'Sistemas digitales para comunicaciones', '2024-03-06 20:05:48', '2024-03-06 20:05:48', NULL, NULL);

-- --------------------------------------------------------

--
-- Estructura de tabla para la tabla `matricula`
--

CREATE TABLE `matricula` (
  `asistencia_id` int(11) NOT NULL,
  `alumno_id` int(11) DEFAULT NULL,
  `grupo_id` int(11) DEFAULT NULL,
  `materia_id` int(11) DEFAULT NULL,
  `fecha_alta` timestamp NOT NULL DEFAULT current_timestamp(),
  `fecha_actualizacion` timestamp NOT NULL DEFAULT current_timestamp() ON UPDATE current_timestamp(),
  `usuario_alta` varchar(50) DEFAULT NULL,
  `usuario_actualizacion` varchar(50) DEFAULT NULL,
  `profesor_id` int(11) NOT NULL
) ENGINE=InnoDB DEFAULT CHARSET=utf8mb4 COLLATE=utf8mb4_general_ci;

--
-- Volcado de datos para la tabla `matricula`
--

INSERT INTO `matricula` (`asistencia_id`, `alumno_id`, `grupo_id`, `materia_id`, `fecha_alta`, `fecha_actualizacion`, `usuario_alta`, `usuario_actualizacion`, `profesor_id`) VALUES
(1, 1, 1, 1, '2024-03-15 01:15:28', '2024-03-15 01:15:28', NULL, NULL, 1),
(2, 2, 1, 1, '2024-03-15 01:15:28', '2024-03-15 01:15:28', NULL, NULL, 1),
(3, 3, 1, 1, '2024-03-15 01:15:28', '2024-03-15 01:15:28', NULL, NULL, 1),
(4, 4, 1, 1, '2024-03-15 01:15:28', '2024-03-15 01:15:28', NULL, NULL, 1),
(5, 5, 1, 1, '2024-03-15 01:15:28', '2024-03-15 01:15:28', NULL, NULL, 1),
(6, 6, 1, 1, '2024-03-15 01:15:28', '2024-03-15 01:15:28', NULL, NULL, 1),
(7, 1, 1, 2, '2024-03-15 01:15:28', '2024-03-15 01:15:28', NULL, NULL, 2),
(8, 2, 1, 2, '2024-03-15 01:15:29', '2024-03-15 01:15:29', NULL, NULL, 2),
(9, 3, 1, 2, '2024-03-15 01:15:29', '2024-03-15 01:15:29', NULL, NULL, 2),
(10, 4, 1, 2, '2024-03-15 01:15:29', '2024-03-15 01:15:29', NULL, NULL, 2),
(11, 5, 1, 2, '2024-03-15 01:15:29', '2024-03-15 01:15:29', NULL, NULL, 2),
(12, 6, 1, 2, '2024-03-15 01:15:29', '2024-03-15 01:15:29', NULL, NULL, 2),
(13, 1, 1, 3, '2024-03-15 01:15:29', '2024-03-15 01:15:29', NULL, NULL, 3),
(14, 2, 1, 3, '2024-03-15 01:15:29', '2024-03-15 01:15:29', NULL, NULL, 3),
(15, 3, 1, 3, '2024-03-15 01:15:29', '2024-03-15 01:15:29', NULL, NULL, 3),
(16, 4, 1, 3, '2024-03-15 01:15:29', '2024-03-15 01:15:29', NULL, NULL, 3),
(17, 5, 1, 3, '2024-03-15 01:15:29', '2024-03-15 01:15:29', NULL, NULL, 3),
(18, 6, 1, 3, '2024-03-15 01:15:29', '2024-03-15 01:15:29', NULL, NULL, 3),
(19, 1, 1, 4, '2024-03-15 01:15:29', '2024-03-15 01:15:29', NULL, NULL, 4),
(20, 2, 1, 4, '2024-03-15 01:15:29', '2024-03-15 01:15:29', NULL, NULL, 4),
(21, 3, 1, 4, '2024-03-15 01:15:29', '2024-03-15 01:15:29', NULL, NULL, 4),
(22, 4, 1, 4, '2024-03-15 01:15:29', '2024-03-15 01:15:29', NULL, NULL, 4),
(23, 5, 1, 4, '2024-03-15 01:15:29', '2024-03-15 01:15:29', NULL, NULL, 4),
(24, 6, 1, 4, '2024-03-15 01:15:30', '2024-03-15 01:15:30', NULL, NULL, 4),
(25, 1, 1, 5, '2024-03-15 01:15:30', '2024-03-15 01:15:30', NULL, NULL, 5),
(26, 2, 1, 5, '2024-03-15 01:15:30', '2024-03-15 01:15:30', NULL, NULL, 5),
(27, 3, 1, 5, '2024-03-15 01:15:30', '2024-03-15 01:15:30', NULL, NULL, 5),
(28, 4, 1, 5, '2024-03-15 01:15:30', '2024-03-15 01:15:30', NULL, NULL, 5),
(29, 5, 1, 5, '2024-03-15 01:15:30', '2024-03-15 01:15:30', NULL, NULL, 5),
(30, 6, 1, 5, '2024-03-15 01:15:30', '2024-03-15 01:15:30', NULL, NULL, 5),
(31, 1, 1, 6, '2024-03-15 01:15:30', '2024-03-15 01:15:30', NULL, NULL, 6),
(32, 2, 1, 6, '2024-03-15 01:15:30', '2024-03-15 01:15:30', NULL, NULL, 6),
(33, 3, 1, 6, '2024-03-15 01:15:30', '2024-03-15 01:15:30', NULL, NULL, 6),
(34, 4, 1, 6, '2024-03-15 01:15:30', '2024-03-15 01:15:30', NULL, NULL, 6),
(35, 5, 1, 6, '2024-03-15 01:15:30', '2024-03-15 01:15:30', NULL, NULL, 6),
(36, 6, 1, 6, '2024-03-15 01:15:30', '2024-03-15 01:15:30', NULL, NULL, 6),
(37, 1, 1, 7, '2024-03-15 01:15:30', '2024-03-15 01:15:30', NULL, NULL, 7),
(38, 2, 1, 7, '2024-03-15 01:15:30', '2024-03-15 01:15:30', NULL, NULL, 7),
(39, 3, 1, 7, '2024-03-15 01:15:30', '2024-03-15 01:15:30', NULL, NULL, 7),
(40, 4, 1, 7, '2024-03-15 01:15:30', '2024-03-15 01:15:30', NULL, NULL, 7),
(41, 5, 1, 7, '2024-03-15 01:15:31', '2024-03-15 01:15:31', NULL, NULL, 7),
(42, 6, 1, 7, '2024-03-15 01:15:31', '2024-03-15 01:15:31', NULL, NULL, 7);

-- --------------------------------------------------------

--
-- Estructura de tabla para la tabla `perfil`
--

CREATE TABLE `perfil` (
  `id_perfil` int(11) NOT NULL,
  `Descripcion` varchar(255) DEFAULT NULL
) ENGINE=InnoDB DEFAULT CHARSET=utf8mb4 COLLATE=utf8mb4_general_ci;

--
-- Volcado de datos para la tabla `perfil`
--

INSERT INTO `perfil` (`id_perfil`, `Descripcion`) VALUES
(1, 'Estudiante'),
(2, 'Profesor'),
(3, 'Administrativo');

-- --------------------------------------------------------

--
-- Estructura de tabla para la tabla `profesores`
--

CREATE TABLE `profesores` (
  `profesor_id` int(11) NOT NULL,
  `facultad_id` int(11) NOT NULL,
  `nombre` varchar(50) DEFAULT NULL,
  `primer_apellido` varchar(50) DEFAULT NULL,
  `segundo_apellido` varchar(50) DEFAULT NULL,
  `fecha_nacimiento` date DEFAULT NULL,
  `sexo` char(4) DEFAULT NULL,
  `curp` varchar(20) DEFAULT NULL,
  `fecha_alta` timestamp NOT NULL DEFAULT current_timestamp(),
  `fecha_actualizacion` timestamp NOT NULL DEFAULT current_timestamp() ON UPDATE current_timestamp(),
  `usuario_alta` varchar(50) DEFAULT NULL,
  `usuario_actualizacion` varchar(50) DEFAULT NULL
) ENGINE=InnoDB DEFAULT CHARSET=utf8mb4 COLLATE=utf8mb4_general_ci;

--
-- Volcado de datos para la tabla `profesores`
--

INSERT INTO `profesores` (`profesor_id`, `facultad_id`, `nombre`, `primer_apellido`, `segundo_apellido`, `fecha_nacimiento`, `sexo`, `curp`, `fecha_alta`, `fecha_actualizacion`, `usuario_alta`, `usuario_actualizacion`) VALUES
(1, 1, 'Emmanuel', 'Terán', 'Ríos', '1980-05-12', 'M', 'TEREMM801512HTCRN01', '2024-03-01 01:06:08', '2024-03-06 20:14:03', 'admin', 'admin'),
(2, 1, 'Gilberto', 'Huerta', 'Ramos', '1975-08-18', 'M', 'HUERAM750818HTCLL02', '2024-03-01 01:06:08', '2024-03-06 20:14:03', 'admin', 'admin'),
(3, 1, 'Oscar', 'Jara', 'Morales', '1982-10-25', 'M', 'JAMOOS821025HTCRSR03', '2024-03-01 01:06:08', '2024-03-06 20:14:03', 'admin', 'admin'),
(4, 1, 'Abel', 'Ramírez', 'Figueroa', '1978-03-30', 'M', 'RAFIAB780330HTCRBL04', '2024-03-01 01:06:08', '2024-03-06 20:14:03', 'admin', 'admin'),
(5, 1, 'José Ángel', 'Castillo', 'Torres', '1983-07-15', 'M', 'CASTJAT830715HTCRRR0', '2024-03-01 01:06:08', '2024-03-06 20:14:03', 'admin', 'admin'),
(6, 1, 'Bryan Argennis', 'Sahagun', 'Camacho', '1981-11-28', 'M', 'SAHCBR811128HTCRMH06', '2024-03-01 01:06:08', '2024-03-06 20:14:03', 'admin', 'admin'),
(7, 1, 'Marco Antonio', 'Valdivieso', 'Rodríguez', '1976-06-20', 'M', 'VALROM760620HTCRRC07', '2024-03-01 01:06:08', '2024-03-06 20:14:03', 'admin', 'admin');

-- --------------------------------------------------------

--
-- Estructura de tabla para la tabla `semestres`
--

CREATE TABLE `semestres` (
  `semestre_id` int(11) NOT NULL,
  `nombre` varchar(50) DEFAULT NULL,
  `facultad_id` int(11) DEFAULT NULL,
  `fecha_alta` timestamp NOT NULL DEFAULT current_timestamp(),
  `fecha_actualizacion` timestamp NOT NULL DEFAULT current_timestamp() ON UPDATE current_timestamp(),
  `usuario_alta` varchar(255) DEFAULT NULL,
  `usuario_actualizacion` varchar(255) DEFAULT NULL,
  `id_materia` int(255) NOT NULL
) ENGINE=InnoDB DEFAULT CHARSET=utf8mb4 COLLATE=utf8mb4_general_ci;

--
-- Volcado de datos para la tabla `semestres`
--

INSERT INTO `semestres` (`semestre_id`, `nombre`, `facultad_id`, `fecha_alta`, `fecha_actualizacion`, `usuario_alta`, `usuario_actualizacion`, `id_materia`) VALUES
(1, 'Octavo Semestre', 1, '2024-03-01 00:54:43', '2024-03-01 01:01:54', 'admin', 'admin', 0),
(2, 'Septimo semestre', 1, '2024-03-06 19:42:03', '2024-03-06 19:42:38', NULL, NULL, 0),
(3, 'Noveno semestre', 1, '2024-03-06 19:42:03', '2024-03-06 19:42:38', NULL, NULL, 0),
(4, 'Sexto semestre', 1, '2024-03-06 19:51:08', '2024-03-06 19:51:08', NULL, NULL, 0);

-- --------------------------------------------------------

--
-- Estructura de tabla para la tabla `usuario`
--

CREATE TABLE `usuario` (
  `idUsuario` int(11) NOT NULL,
  `Nombre` varchar(255) DEFAULT NULL,
  `Apellidos` varchar(255) DEFAULT NULL,
  `id_perfil` int(11) DEFAULT NULL,
  `Email` varchar(255) DEFAULT NULL,
  `Password` varchar(255) DEFAULT NULL,
  `fecha_ult_login` timestamp NOT NULL DEFAULT current_timestamp() ON UPDATE current_timestamp(),
  `fec_alta` timestamp NOT NULL DEFAULT current_timestamp(),
  `fec_modif` timestamp NOT NULL DEFAULT current_timestamp() ON UPDATE current_timestamp()
) ENGINE=InnoDB DEFAULT CHARSET=utf8mb4 COLLATE=utf8mb4_general_ci;

--
-- Índices para tablas volcadas
--

--
-- Indices de la tabla `alumnos`
--
ALTER TABLE `alumnos`
  ADD PRIMARY KEY (`alumno_id`);

--
-- Indices de la tabla `asistencia`
--
ALTER TABLE `asistencia`
  ADD PRIMARY KEY (`id`),
  ADD KEY `id_alumno` (`alumno_id`),
  ADD KEY `materia_id` (`materia_id`);

--
-- Indices de la tabla `codigos_qr`
--
ALTER TABLE `codigos_qr`
  ADD PRIMARY KEY (`id_codigo`),
  ADD KEY `fk_codigos_qr_usuario` (`id_usuario`),
  ADD KEY `id_materia` (`Id_materia`);

--
-- Indices de la tabla `facultades`
--
ALTER TABLE `facultades`
  ADD PRIMARY KEY (`facultad_id`);

--
-- Indices de la tabla `grupos`
--
ALTER TABLE `grupos`
  ADD PRIMARY KEY (`grupo_id`),
  ADD KEY `semestre_id` (`semestre_id`) USING BTREE,
  ADD KEY `materia_id` (`materia_id`) USING BTREE,
  ADD KEY `facultad_id` (`facultad_id`) USING BTREE;

--
-- Indices de la tabla `historial_asistencia`
--
ALTER TABLE `historial_asistencia`
  ADD PRIMARY KEY (`historial_id`),
  ADD KEY `asistencia_id` (`asistencia_id`);

--
-- Indices de la tabla `horarios`
--
ALTER TABLE `horarios`
  ADD PRIMARY KEY (`horario_id`),
  ADD KEY `grupo_id` (`grupo_id`),
  ADD KEY `materia_id` (`materia_id`),
  ADD KEY `profesor_id` (`profesor_id`);

--
-- Indices de la tabla `materias`
--
ALTER TABLE `materias`
  ADD PRIMARY KEY (`materia_id`);

--
-- Indices de la tabla `matricula`
--
ALTER TABLE `matricula`
  ADD PRIMARY KEY (`asistencia_id`),
  ADD KEY `alumno_id` (`alumno_id`),
  ADD KEY `grupo_id` (`grupo_id`),
  ADD KEY `materia_id` (`materia_id`),
  ADD KEY `profesor_id` (`profesor_id`) USING BTREE;

--
-- Indices de la tabla `perfil`
--
ALTER TABLE `perfil`
  ADD PRIMARY KEY (`id_perfil`);

--
-- Indices de la tabla `profesores`
--
ALTER TABLE `profesores`
  ADD PRIMARY KEY (`profesor_id`);

--
-- Indices de la tabla `semestres`
--
ALTER TABLE `semestres`
  ADD PRIMARY KEY (`semestre_id`),
  ADD KEY `facultad_id` (`facultad_id`);

--
-- Indices de la tabla `usuario`
--
ALTER TABLE `usuario`
  ADD PRIMARY KEY (`idUsuario`),
  ADD UNIQUE KEY `perfil_id` (`id_perfil`);

--
-- AUTO_INCREMENT de las tablas volcadas
--

--
-- AUTO_INCREMENT de la tabla `alumnos`
--
ALTER TABLE `alumnos`
  MODIFY `alumno_id` int(11) NOT NULL AUTO_INCREMENT, AUTO_INCREMENT=7;

--
-- AUTO_INCREMENT de la tabla `asistencia`
--
ALTER TABLE `asistencia`
  MODIFY `id` int(11) NOT NULL AUTO_INCREMENT, AUTO_INCREMENT=1991;

--
-- AUTO_INCREMENT de la tabla `codigos_qr`
--
ALTER TABLE `codigos_qr`
  MODIFY `id_codigo` int(11) NOT NULL AUTO_INCREMENT;

--
-- AUTO_INCREMENT de la tabla `facultades`
--
ALTER TABLE `facultades`
  MODIFY `facultad_id` int(11) NOT NULL AUTO_INCREMENT, AUTO_INCREMENT=4;

--
-- AUTO_INCREMENT de la tabla `grupos`
--
ALTER TABLE `grupos`
  MODIFY `grupo_id` int(11) NOT NULL AUTO_INCREMENT, AUTO_INCREMENT=5;

--
-- AUTO_INCREMENT de la tabla `historial_asistencia`
--
ALTER TABLE `historial_asistencia`
  MODIFY `historial_id` int(11) NOT NULL AUTO_INCREMENT;

--
-- AUTO_INCREMENT de la tabla `horarios`
--
ALTER TABLE `horarios`
  MODIFY `horario_id` int(11) NOT NULL AUTO_INCREMENT, AUTO_INCREMENT=29;

--
-- AUTO_INCREMENT de la tabla `materias`
--
ALTER TABLE `materias`
  MODIFY `materia_id` int(11) NOT NULL AUTO_INCREMENT, AUTO_INCREMENT=28;

--
-- AUTO_INCREMENT de la tabla `matricula`
--
ALTER TABLE `matricula`
  MODIFY `asistencia_id` int(11) NOT NULL AUTO_INCREMENT, AUTO_INCREMENT=43;

--
-- AUTO_INCREMENT de la tabla `perfil`
--
ALTER TABLE `perfil`
  MODIFY `id_perfil` int(11) NOT NULL AUTO_INCREMENT, AUTO_INCREMENT=4;

--
-- AUTO_INCREMENT de la tabla `profesores`
--
ALTER TABLE `profesores`
  MODIFY `profesor_id` int(11) NOT NULL AUTO_INCREMENT, AUTO_INCREMENT=8;

--
-- AUTO_INCREMENT de la tabla `semestres`
--
ALTER TABLE `semestres`
  MODIFY `semestre_id` int(11) NOT NULL AUTO_INCREMENT, AUTO_INCREMENT=5;

--
-- AUTO_INCREMENT de la tabla `usuario`
--
ALTER TABLE `usuario`
  MODIFY `idUsuario` int(11) NOT NULL AUTO_INCREMENT, AUTO_INCREMENT=36;

--
-- Restricciones para tablas volcadas
--

--
-- Filtros para la tabla `asistencia`
--
ALTER TABLE `asistencia`
  ADD CONSTRAINT `asistencia_ibfk_1` FOREIGN KEY (`materia_id`) REFERENCES `materias` (`materia_id`),
  ADD CONSTRAINT `asistencia_ibfk_2` FOREIGN KEY (`alumno_id`) REFERENCES `alumnos` (`alumno_id`);

--
-- Filtros para la tabla `codigos_qr`
--
ALTER TABLE `codigos_qr`
  ADD CONSTRAINT `codigos_qr_ibfk_1` FOREIGN KEY (`id_usuario`) REFERENCES `usuario` (`idUsuario`),
  ADD CONSTRAINT `codigos_qr_ibfk_2` FOREIGN KEY (`Id_materia`) REFERENCES `materias` (`materia_id`);

--
-- Filtros para la tabla `grupos`
--
ALTER TABLE `grupos`
  ADD CONSTRAINT `grupos_ibfk_1` FOREIGN KEY (`semestre_id`) REFERENCES `semestres` (`semestre_id`),
  ADD CONSTRAINT `grupos_ibfk_2` FOREIGN KEY (`facultad_id`) REFERENCES `facultades` (`facultad_id`),
  ADD CONSTRAINT `grupos_ibfk_3` FOREIGN KEY (`materia_id`) REFERENCES `materias` (`materia_id`);

--
-- Filtros para la tabla `historial_asistencia`
--
ALTER TABLE `historial_asistencia`
  ADD CONSTRAINT `historial_asistencia_ibfk_1` FOREIGN KEY (`asistencia_id`) REFERENCES `matricula` (`asistencia_id`);

--
-- Filtros para la tabla `horarios`
--
ALTER TABLE `horarios`
  ADD CONSTRAINT `horarios_ibfk_1` FOREIGN KEY (`grupo_id`) REFERENCES `grupos` (`grupo_id`),
  ADD CONSTRAINT `horarios_ibfk_2` FOREIGN KEY (`materia_id`) REFERENCES `materias` (`materia_id`),
  ADD CONSTRAINT `horarios_ibfk_3` FOREIGN KEY (`profesor_id`) REFERENCES `profesores` (`profesor_id`);

--
-- Filtros para la tabla `matricula`
--
ALTER TABLE `matricula`
  ADD CONSTRAINT `matricula_ibfk_1` FOREIGN KEY (`alumno_id`) REFERENCES `alumnos` (`alumno_id`),
  ADD CONSTRAINT `matricula_ibfk_2` FOREIGN KEY (`grupo_id`) REFERENCES `grupos` (`grupo_id`),
  ADD CONSTRAINT `matricula_ibfk_3` FOREIGN KEY (`materia_id`) REFERENCES `materias` (`materia_id`),
  ADD CONSTRAINT `matricula_ibfk_4` FOREIGN KEY (`profesor_id`) REFERENCES `profesores` (`profesor_id`);

--
-- Filtros para la tabla `semestres`
--
ALTER TABLE `semestres`
  ADD CONSTRAINT `semestres_ibfk_1` FOREIGN KEY (`facultad_id`) REFERENCES `facultades` (`facultad_id`);

--
-- Filtros para la tabla `usuario`
--
ALTER TABLE `usuario`
  ADD CONSTRAINT `fk_usuario_perfil` FOREIGN KEY (`id_perfil`) REFERENCES `perfil` (`id_perfil`);
COMMIT;

/*!40101 SET CHARACTER_SET_CLIENT=@OLD_CHARACTER_SET_CLIENT */;
/*!40101 SET CHARACTER_SET_RESULTS=@OLD_CHARACTER_SET_RESULTS */;
/*!40101 SET COLLATION_CONNECTION=@OLD_COLLATION_CONNECTION */;
